frame,person_id,closest_person_id,distance,threshold,violation
1,0,3,350.6,150,No
1,1,7,422.7,150,No
1,2,6,229.2,150,No
1,3,15,239.9,150,No
1,4,15,157.5,150,No
1,5,29,101.8,150,Yes
1,6,2,229.2,150,No
1,7,21,89.2,150,Yes
1,8,24,90.6,150,Yes
1,9,15,328.9,150,No
1,10,5,146.2,150,Yes
1,11,23,100.5,150,Yes
1,12,19,90.1,150,Yes
1,13,12,142.6,150,Yes
1,14,21,51.5,150,Yes
1,15,4,157.5,150,No
1,16,17,46.6,150,Yes
1,17,16,46.6,150,Yes
1,18,24,124.9,150,Yes
1,19,12,90.1,150,Yes
1,20,5,148.5,150,Yes
1,21,14,51.5,150,Yes
1,22,25,50.0,150,Yes
1,23,26,95.5,150,Yes
1,24,8,90.6,150,Yes
1,25,28,43.8,150,Yes
1,26,31,74.2,150,Yes
1,27,3,422.0,150,No
1,28,25,43.8,150,Yes
1,29,5,101.8,150,Yes
1,30,22,115.4,150,Yes
1,31,32,64.1,150,Yes
1,32,31,64.1,150,Yes
1,33,16,166.1,150,No
2,0,5,420.8,150,No
2,1,3,345.0,150,No
2,2,4,224.9,150,No
2,3,11,236.1,150,No
2,4,2,224.9,150,No
2,5,20,89.9,150,Yes
2,6,11,330.3,150,No
2,7,11,161.4,150,No
2,8,28,98.6,150,Yes
2,9,15,138.1,150,Yes
2,10,8,148.1,150,Yes
2,11,7,161.4,150,No
2,12,18,94.6,150,Yes
2,13,20,53.7,150,Yes
2,14,24,101.0,150,Yes
2,15,31,33.0,150,Yes
2,16,19,47.0,150,Yes
2,17,18,122.1,150,Yes
2,18,12,94.6,150,Yes
2,19,16,47.0,150,Yes
2,20,13,53.7,150,Yes
2,21,3,426.1,150,No
2,22,8,148.5,150,Yes
2,23,25,48.8,150,Yes
2,24,32,96.5,150,Yes
2,25,26,46.1,150,Yes
2,26,25,46.1,150,Yes
2,27,33,66.1,150,Yes
2,28,8,98.6,150,Yes
2,29,23,114.6,150,Yes
2,30,13,60.6,150,Yes
2,31,15,33.0,150,Yes
2,32,27,80.8,150,Yes
2,33,27,66.1,150,Yes
2,34,16,195.6,150,No
3,0,9,418.8,150,No
3,1,2,340.8,150,No
3,2,5,235.0,150,No
3,3,5,163.2,150,No
3,4,6,222.6,150,No
3,5,3,163.2,150,No
3,6,4,222.6,150,No
3,7,8,153.7,150,No
3,8,23,95.6,150,Yes
3,9,18,91.2,150,Yes
3,10,14,140.4,150,Yes
3,11,5,332.1,150,No
3,12,19,94.9,150,Yes
3,13,28,46.6,150,Yes
3,14,10,140.4,150,Yes
3,15,2,428.3,150,No
3,16,33,97.6,150,Yes
3,17,21,45.8,150,Yes
3,18,13,54.2,150,Yes
3,19,12,94.9,150,Yes
3,20,8,147.2,150,Yes
3,21,17,45.8,150,Yes
3,22,19,123.1,150,Yes
3,23,8,95.6,150,Yes
3,24,25,46.5,150,Yes
3,25,24,46.5,150,Yes
3,26,25,47.9,150,Yes
3,27,33,92.1,150,Yes
3,28,13,46.6,150,Yes
3,29,34,35.1,150,Yes
3,30,24,116.0,150,Yes
3,31,29,65.1,150,Yes
3,32,17,193.2,150,No
3,33,31,87.0,150,Yes
3,34,29,35.1,150,Yes
4,0,9,418.8,150,No
4,1,4,338.1,150,No
4,2,5,219.5,150,No
4,3,6,163.2,150,No
4,4,3,234.4,150,No
4,5,2,219.5,150,No
4,6,3,163.2,150,No
4,7,10,154.9,150,No
4,8,15,146.4,150,Yes
4,9,19,91.7,150,Yes
4,10,24,93.4,150,Yes
4,11,4,429.2,150,No
4,12,18,93.8,150,Yes
4,13,3,333.0,150,No
4,14,27,48.3,150,Yes
4,15,8,146.4,150,Yes
4,16,28,92.7,150,Yes
4,17,22,43.6,150,Yes
4,18,12,93.8,150,Yes
4,19,14,53.7,150,Yes
4,20,18,124.3,150,Yes
4,21,10,150.7,150,No
4,22,17,43.6,150,Yes
4,23,25,46.5,150,Yes
4,24,10,93.4,150,Yes
4,25,23,46.5,150,Yes
4,26,25,49.0,150,Yes
4,27,14,48.3,150,Yes
4,28,32,85.8,150,Yes
4,29,17,195.0,150,No
4,30,33,33.1,150,Yes
4,31,30,66.2,150,Yes
4,32,28,85.8,150,Yes
4,33,30,33.1,150,Yes
5,0,6,417.4,150,No
5,1,4,218.2,150,No
5,2,3,333.3,150,No
5,3,10,235.5,150,No
5,4,1,218.2,150,No
5,5,10,334.0,150,No
5,6,18,91.7,150,Yes
5,7,9,157.1,150,No
5,8,10,161.0,150,No
5,9,22,94.1,150,Yes
5,10,8,161.0,150,No
5,11,12,146.4,150,Yes
5,12,11,146.4,150,Yes
5,13,19,94.2,150,Yes
5,14,34,45.5,150,Yes
5,15,25,93.3,150,Yes
5,16,3,432.3,150,No
5,17,19,124.6,150,Yes
5,18,14,55.0,150,Yes
5,19,13,94.2,150,Yes
5,20,23,43.6,150,Yes
5,21,9,149.7,150,Yes
5,22,9,94.1,150,Yes
5,23,20,43.6,150,Yes
5,24,27,47.5,150,Yes
5,25,28,85.8,150,Yes
5,26,27,50.3,150,Yes
5,27,24,47.5,150,Yes
5,28,25,85.8,150,Yes
5,29,20,193.7,150,No
5,30,34,19.0,150,Yes
5,31,15,111.0,150,Yes
5,32,33,67.1,150,Yes
5,33,32,67.1,150,Yes
5,34,30,19.0,150,Yes
6,0,3,415.6,150,No
6,1,6,330.0,150,No
6,2,4,214.7,150,No
6,3,19,91.8,150,Yes
6,4,2,214.7,150,No
6,5,8,335.2,150,No
6,6,8,235.7,150,No
6,7,8,427.6,150,No
6,8,13,162.0,150,No
6,9,12,146.8,150,Yes
6,10,23,96.2,150,Yes
6,11,10,159.3,150,No
6,12,17,90.1,150,Yes
6,13,8,162.0,150,No
6,14,20,93.6,150,Yes
6,15,22,90.6,150,Yes
6,16,31,48.9,150,Yes
6,17,12,90.1,150,Yes
6,18,20,125.4,150,Yes
6,19,16,55.5,150,Yes
6,20,14,93.6,150,Yes
6,21,24,43.0,150,Yes
6,22,29,83.4,150,Yes
6,23,10,96.2,150,Yes
6,24,21,43.0,150,Yes
6,25,28,45.7,150,Yes
6,26,28,51.3,150,Yes
6,27,10,148.7,150,Yes
6,28,25,45.7,150,Yes
6,29,22,83.4,150,Yes
6,30,21,193.2,150,No
6,31,16,48.9,150,Yes
6,32,34,66.1,150,Yes
6,33,15,110.9,150,Yes
6,34,32,66.1,150,Yes
7,0,6,412.1,150,No
7,1,5,326.0,150,No
7,2,3,215.6,150,No
7,3,2,215.6,150,No
7,4,8,158.0,150,No
7,5,8,237.0,150,No
7,6,18,89.3,150,Yes
7,7,8,335.3,150,No
7,8,4,158.0,150,No
7,9,17,148.2,150,Yes
7,10,8,420.8,150,No
7,11,21,94.0,150,Yes
7,12,17,91.1,150,Yes
7,13,14,160.2,150,No
7,14,31,97.6,150,Yes
7,15,28,51.1,150,Yes
7,16,23,91.8,150,Yes
7,17,12,91.1,150,Yes
7,18,15,55.5,150,Yes
7,19,22,41.3,150,Yes
7,20,21,124.4,150,Yes
7,21,11,94.0,150,Yes
7,22,19,41.3,150,Yes
7,23,24,81.9,150,Yes
7,24,23,81.9,150,Yes
7,25,27,46.5,150,Yes
7,26,22,193.3,150,No
7,27,25,46.5,150,Yes
7,28,15,51.1,150,Yes
7,29,27,54.4,150,Yes
7,30,14,149.7,150,Yes
7,31,14,97.6,150,Yes
7,32,24,97.3,150,Yes
7,33,16,111.4,150,Yes
8,0,5,402.7,150,No
8,1,3,319.8,150,No
8,2,4,213.6,150,No
8,3,12,236.0,150,No
8,4,10,212.3,150,No
8,5,16,88.8,150,Yes
8,6,17,93.1,150,Yes
8,7,12,337.7,150,No
8,8,12,412.9,150,No
8,9,12,152.2,150,No
8,10,22,146.5,150,Yes
8,11,15,166.2,150,No
8,12,9,152.2,150,No
8,13,29,44.1,150,Yes
8,14,22,92.1,150,Yes
8,15,27,147.7,150,Yes
8,16,13,55.0,150,Yes
8,17,6,93.1,150,Yes
8,18,28,90.6,150,Yes
8,19,20,124.3,150,Yes
8,20,21,40.7,150,Yes
8,21,20,40.7,150,Yes
8,22,14,92.1,150,Yes
8,23,28,79.7,150,Yes
8,24,25,47.2,150,Yes
8,25,24,47.2,150,Yes
8,26,24,54.7,150,Yes
8,27,15,147.7,150,Yes
8,28,23,79.7,150,Yes
8,29,32,26.0,150,Yes
8,30,18,111.3,150,Yes
8,31,28,98.5,150,Yes
8,32,29,26.0,150,Yes
9,0,5,398.7,150,No
9,1,3,316.2,150,No
9,2,4,212.3,150,No
9,3,6,232.1,150,No
9,4,2,212.3,150,No
9,5,18,88.6,150,Yes
9,6,9,157.2,150,No
9,7,21,145.8,150,Yes
9,8,13,168.0,150,No
9,9,6,157.2,150,No
9,10,16,94.4,150,Yes
9,11,21,91.1,150,Yes
9,12,6,407.3,150,No
9,13,25,145.9,150,Yes
9,14,6,339.2,150,No
9,15,18,52.8,150,Yes
9,16,10,94.4,150,Yes
9,17,28,88.0,150,Yes
9,18,15,52.8,150,Yes
9,19,22,37.2,150,Yes
9,20,19,120.3,150,Yes
9,21,11,91.1,150,Yes
9,22,19,37.2,150,Yes
9,23,24,48.3,150,Yes
9,24,23,48.3,150,Yes
9,25,13,145.9,150,Yes
9,26,23,54.7,150,Yes
9,27,28,77.5,150,Yes
9,28,27,77.5,150,Yes
9,29,17,110.5,150,Yes
9,30,28,99.3,150,Yes
9,31,30,99.3,150,Yes
10,0,5,393.9,150,No
10,1,3,211.4,150,No
10,2,4,313.9,150,No
10,3,1,211.4,150,No
10,4,6,226.4,150,No
10,5,19,86.8,150,Yes
10,6,11,160.1,150,No
10,7,6,341.0,150,No
10,8,21,144.6,150,Yes
10,9,6,402.3,150,No
10,10,15,94.3,150,Yes
10,11,6,160.1,150,No
10,12,21,93.0,150,Yes
10,13,14,174.0,150,No
10,14,25,140.8,150,Yes
10,15,10,94.3,150,Yes
10,16,30,48.8,150,Yes
10,17,26,85.9,150,Yes
10,18,22,36.4,150,Yes
10,19,16,53.2,150,Yes
10,20,18,119.6,150,Yes
10,21,12,93.0,150,Yes
10,22,18,36.4,150,Yes
10,23,24,48.4,150,Yes
10,24,23,48.4,150,Yes
10,25,14,140.8,150,Yes
10,26,31,73.5,150,Yes
10,27,26,99.3,150,Yes
10,28,24,55.9,150,Yes
10,29,17,109.9,150,Yes
10,30,16,48.8,150,Yes
10,31,26,73.5,150,Yes
10,32,33,194.7,150,No
10,33,27,99.4,150,Yes
11,0,3,311.6,150,No
11,1,5,388.4,150,No
11,2,4,211.4,150,No
11,3,7,223.1,150,No
11,4,2,211.4,150,No
11,5,18,85.5,150,Yes
11,6,7,160.3,150,No
11,7,6,160.3,150,No
11,8,6,340.4,150,No
11,9,7,398.2,150,No
11,10,22,144.0,150,Yes
11,11,13,94.9,150,Yes
11,12,15,177.9,150,No
11,13,11,94.9,150,Yes
11,14,22,94.0,150,Yes
11,15,23,138.9,150,Yes
11,16,31,87.3,150,Yes
11,17,30,44.7,150,Yes
11,18,17,55.0,150,Yes
11,19,20,117.5,150,Yes
11,20,21,37.7,150,Yes
11,21,20,37.7,150,Yes
11,22,14,94.0,150,Yes
11,23,15,138.9,150,Yes
11,24,25,50.4,150,Yes
11,25,24,50.4,150,Yes
11,26,24,56.1,150,Yes
11,27,33,69.1,150,Yes
11,28,33,30.1,150,Yes
11,29,31,72.6,150,Yes
11,30,17,44.7,150,Yes
11,31,29,72.6,150,Yes
11,32,25,115.7,150,Yes
11,33,28,30.1,150,Yes
11,34,16,108.5,150,Yes
12,0,2,310.4,150,No
12,1,7,383.4,150,No
12,2,5,221.4,150,No
12,3,6,210.1,150,No
12,4,9,338.7,150,No
12,5,9,157.3,150,No
12,6,3,210.1,150,No
12,7,18,85.1,150,Yes
12,8,5,395.2,150,No
12,9,5,157.3,150,No
12,10,11,94.9,150,Yes
12,11,10,94.9,150,Yes
12,12,21,143.2,150,Yes
12,13,17,180.1,150,No
12,14,21,97.0,150,Yes
12,15,35,86.4,150,Yes
12,16,34,40.2,150,Yes
12,17,27,137.1,150,Yes
12,18,16,54.1,150,Yes
12,19,20,116.7,150,Yes
12,20,22,36.4,150,Yes
12,21,14,97.0,150,Yes
12,22,20,36.4,150,Yes
12,23,24,50.2,150,Yes
12,24,23,50.2,150,Yes
12,25,33,70.2,150,Yes
12,26,35,69.6,150,Yes
12,27,17,137.1,150,Yes
12,28,23,55.3,150,Yes
12,29,33,29.2,150,Yes
12,30,15,105.6,150,Yes
12,31,29,197.6,150,No
12,32,34,29.8,150,Yes
12,33,29,29.2,150,Yes
12,34,32,29.8,150,Yes
12,35,26,69.6,150,Yes
13,0,4,307.3,150,No
13,1,8,374.3,150,No
13,2,7,207.3,150,No
13,3,6,164.0,150,No
13,4,3,217.5,150,No
13,5,3,384.3,150,No
13,6,3,164.0,150,No
13,7,2,207.3,150,No
13,8,17,86.1,150,Yes
13,9,19,138.9,150,Yes
13,10,14,97.1,150,Yes
13,11,18,186.1,150,No
13,12,6,341.5,150,No
13,13,19,100.0,150,Yes
13,14,10,97.1,150,Yes
13,15,27,94.0,150,Yes
13,16,34,48.5,150,Yes
13,17,16,52.9,150,Yes
13,18,33,134.5,150,Yes
13,19,13,100.0,150,Yes
13,20,23,36.2,150,Yes
13,21,20,114.6,150,Yes
13,22,24,51.1,150,Yes
13,23,20,36.2,150,Yes
13,24,22,51.1,150,Yes
13,25,22,56.2,150,Yes
13,26,15,103.5,150,Yes
13,27,15,94.0,150,Yes
13,28,29,28.1,150,Yes
13,29,28,28.1,150,Yes
13,30,29,198.7,150,No
13,31,34,19.2,150,Yes
13,32,28,71.4,150,Yes
13,33,18,134.5,150,Yes
13,34,31,19.2,150,Yes
14,0,7,373.0,150,No
14,1,4,304.0,150,No
14,2,3,204.8,150,No
14,3,2,204.8,150,No
14,4,6,216.5,150,No
14,5,19,136.4,150,Yes
14,6,9,166.0,150,No
14,7,17,87.1,150,Yes
14,8,6,383.8,150,No
14,9,6,166.0,150,No
14,10,14,100.1,150,Yes
14,11,19,101.0,150,Yes
14,12,18,188.7,150,No
14,13,9,340.3,150,No
14,14,10,100.1,150,Yes
14,15,30,49.2,150,Yes
14,16,27,96.5,150,Yes
14,17,15,53.3,150,Yes
14,18,29,133.5,150,Yes
14,19,11,101.0,150,Yes
14,20,23,38.1,150,Yes
14,21,20,113.9,150,Yes
14,22,24,51.1,150,Yes
14,23,20,38.1,150,Yes
14,24,22,51.1,150,Yes
14,25,22,56.2,150,Yes
14,26,34,70.6,150,Yes
14,27,16,96.5,150,Yes
14,28,16,104.1,150,Yes
14,29,18,133.5,150,Yes
14,30,32,20.9,150,Yes
14,31,33,198.8,150,No
14,32,30,20.9,150,Yes
14,33,34,29.0,150,Yes
14,34,33,29.0,150,Yes
15,0,13,372.5,150,No
15,1,10,304.0,150,No
15,2,3,203.5,150,No
15,3,2,203.5,150,No
15,4,5,337.9,150,No
15,5,12,166.0,150,No
15,6,20,137.2,150,Yes
15,7,14,102.4,150,Yes
15,8,12,378.3,150,No
15,9,20,104.0,150,Yes
15,10,12,214.2,150,No
15,11,17,191.5,150,No
15,12,5,166.0,150,No
15,13,19,87.1,150,Yes
15,14,7,102.4,150,Yes
15,15,29,49.6,150,Yes
15,16,30,91.4,150,Yes
15,17,23,130.2,150,Yes
15,18,22,111.9,150,Yes
15,19,15,53.2,150,Yes
15,20,9,104.0,150,Yes
15,21,30,80.7,150,Yes
15,22,25,40.2,150,Yes
15,23,17,130.2,150,Yes
15,24,26,52.1,150,Yes
15,25,22,40.2,150,Yes
15,26,24,52.1,150,Yes
15,27,16,106.1,150,Yes
15,28,25,197.8,150,No
15,29,15,49.6,150,Yes
15,30,21,80.7,150,Yes
15,31,24,56.6,150,Yes
15,32,33,97.9,150,Yes
15,33,32,97.9,150,Yes
16,0,6,370.3,150,No
16,1,9,300.1,150,No
16,2,5,202.0,150,No
16,3,13,167.0,150,No
16,4,3,339.4,150,No
16,5,2,202.0,150,No
16,6,20,88.1,150,Yes
16,7,22,104.0,150,Yes
16,8,22,136.1,150,Yes
16,9,13,218.8,150,No
16,10,15,192.0,150,No
16,11,13,371.3,150,No
16,12,17,103.1,150,Yes
16,13,3,167.0,150,No
16,14,27,92.8,150,Yes
16,15,18,130.2,150,Yes
16,16,30,50.5,150,Yes
16,17,12,103.1,150,Yes
16,18,15,130.2,150,Yes
16,19,21,111.4,150,Yes
16,20,16,52.4,150,Yes
16,21,24,41.2,150,Yes
16,22,7,104.0,150,Yes
16,23,27,82.9,150,Yes
16,24,21,41.2,150,Yes
16,25,26,52.1,150,Yes
16,26,25,52.1,150,Yes
16,27,23,82.9,150,Yes
16,28,14,107.5,150,Yes
16,29,24,195.4,150,No
16,30,16,50.5,150,Yes
16,31,26,57.3,150,Yes
16,32,27,181.7,150,No
17,0,5,370.4,150,No
17,1,11,295.7,150,No
17,2,6,199.6,150,No
17,3,14,165.9,150,No
17,4,14,365.6,150,No
17,5,21,89.1,150,Yes
17,6,2,199.6,150,No
17,7,13,194.6,150,No
17,8,19,339.3,150,No
17,9,24,102.0,150,Yes
17,10,18,104.0,150,Yes
17,11,14,222.3,150,No
17,12,24,134.0,150,Yes
17,13,20,129.0,150,Yes
17,14,3,165.9,150,No
17,15,32,49.8,150,Yes
17,16,19,108.7,150,Yes
17,17,28,94.8,150,Yes
17,18,31,102.7,150,Yes
17,19,25,41.9,150,Yes
17,20,13,129.0,150,Yes
17,21,15,52.8,150,Yes
17,22,28,87.3,150,Yes
17,23,26,53.2,150,Yes
17,24,9,102.0,150,Yes
17,25,19,41.9,150,Yes
17,26,23,53.2,150,Yes
17,27,25,193.7,150,No
17,28,22,87.3,150,Yes
17,29,33,31.3,150,Yes
17,30,17,108.2,150,Yes
17,31,26,59.7,150,Yes
17,32,15,49.8,150,Yes
17,33,29,31.3,150,Yes
18,0,3,368.8,150,No
18,1,7,288.5,150,No
18,2,5,196.5,150,No
18,3,17,93.3,150,Yes
18,4,10,358.0,150,No
18,5,2,196.5,150,No
18,6,10,160.0,150,No
18,7,10,223.9,150,No
18,8,13,197.6,150,No
18,9,21,98.0,150,Yes
18,10,6,160.0,150,No
18,11,18,102.0,150,Yes
18,12,21,130.2,150,Yes
18,13,22,128.7,150,Yes
18,14,29,49.5,150,Yes
18,15,20,331.3,150,No
18,16,20,106.0,150,Yes
18,17,14,50.2,150,Yes
18,18,11,102.0,150,Yes
18,19,30,92.0,150,Yes
18,20,25,43.4,150,Yes
18,21,9,98.0,150,Yes
18,22,13,128.7,150,Yes
18,23,30,85.4,150,Yes
18,24,26,53.1,150,Yes
18,25,20,43.4,150,Yes
18,26,24,53.1,150,Yes
18,27,25,193.4,150,No
18,28,30,185.3,150,No
18,29,14,49.5,150,Yes
18,30,23,85.4,150,Yes
18,31,26,61.2,150,Yes
18,32,19,111.8,150,Yes
19,0,2,368.4,150,No
19,1,5,273.8,150,No
19,2,17,95.6,150,Yes
19,3,6,196.1,150,No
19,4,10,349.9,150,No
19,5,10,232.6,150,No
19,6,3,196.1,150,No
19,7,13,203.9,150,No
19,8,10,155.2,150,No
19,9,21,99.0,150,Yes
19,10,8,155.2,150,No
19,11,20,98.9,150,Yes
19,12,21,131.2,150,Yes
19,13,22,123.6,150,Yes
19,14,26,49.7,150,Yes
19,15,11,329.0,150,No
19,16,19,104.2,150,Yes
19,17,14,49.8,150,Yes
19,18,30,92.0,150,Yes
19,19,24,41.4,150,Yes
19,20,11,98.9,150,Yes
19,21,9,99.0,150,Yes
19,22,13,123.6,150,Yes
19,23,30,83.5,150,Yes
19,24,19,41.4,150,Yes
19,25,27,54.0,150,Yes
19,26,14,49.7,150,Yes
19,27,25,54.0,150,Yes
19,28,30,186.7,150,No
19,29,24,192.4,150,No
19,30,23,83.5,150,Yes
19,31,27,61.2,150,Yes
20,0,3,265.0,150,No
20,1,6,362.5,150,No
20,2,8,195.7,150,No
20,3,4,236.6,150,No
20,4,10,150.2,150,No
20,5,4,344.5,150,No
20,6,16,97.5,150,Yes
20,7,14,98.9,150,Yes
20,8,2,195.7,150,No
20,9,17,206.4,150,No
20,10,4,150.2,150,No
20,11,7,326.1,150,No
20,12,19,97.0,150,Yes
20,13,19,129.7,150,Yes
20,14,7,98.9,150,Yes
20,15,16,50.5,150,Yes
20,16,15,50.5,150,Yes
20,17,24,121.6,150,Yes
20,18,23,94.5,150,Yes
20,19,12,97.0,150,Yes
20,20,21,100.2,150,Yes
20,21,25,40.8,150,Yes
20,22,15,53.2,150,Yes
20,23,18,94.5,150,Yes
20,24,17,121.6,150,Yes
20,25,21,40.8,150,Yes
20,26,27,52.1,150,Yes
20,27,26,52.1,150,Yes
20,28,32,96.6,150,Yes
20,29,25,191.7,150,No
20,30,27,62.1,150,Yes
20,31,32,93.7,150,Yes
20,32,31,93.7,150,Yes
20,33,18,112.6,150,Yes
21,0,6,358.5,150,No
21,1,2,253.8,150,No
21,2,9,237.6,150,No
21,3,8,197.0,150,No
21,4,15,99.8,150,Yes
21,5,9,339.1,150,No
21,6,16,98.7,150,Yes
21,7,9,154.2,150,No
21,8,3,197.0,150,No
21,9,7,154.2,150,No
21,10,17,211.1,150,No
21,11,4,324.0,150,No
21,12,21,130.9,150,Yes
21,13,21,97.0,150,Yes
21,14,16,51.9,150,Yes
21,15,4,99.8,150,Yes
21,16,14,51.9,150,Yes
21,17,24,118.4,150,Yes
21,18,20,99.0,150,Yes
21,19,22,92.2,150,Yes
21,20,25,40.0,150,Yes
21,21,13,97.0,150,Yes
21,22,19,92.2,150,Yes
21,23,14,54.7,150,Yes
21,24,17,118.4,150,Yes
21,25,20,40.0,150,Yes
21,26,27,53.1,150,Yes
21,27,26,53.1,150,Yes
21,28,30,97.7,150,Yes
21,29,30,93.1,150,Yes
21,30,29,93.1,150,Yes
21,31,25,190.8,150,No
21,32,27,63.1,150,Yes
22,0,3,352.7,150,No
22,1,8,243.6,150,No
22,2,6,198.0,150,No
22,3,15,101.2,150,Yes
22,4,13,155.4,150,No
22,5,13,331.9,150,No
22,6,2,198.0,150,No
22,7,18,93.9,150,Yes
22,8,13,239.8,150,No
22,9,17,214.4,150,No
22,10,30,130.1,150,Yes
22,11,7,322.6,150,No
22,12,30,95.0,150,Yes
22,13,4,155.4,150,No
22,14,15,51.0,150,Yes
22,15,14,51.0,150,Yes
22,16,19,96.3,150,Yes
22,17,23,114.9,150,Yes
22,18,7,93.9,150,Yes
22,19,25,38.5,150,Yes
22,20,14,55.1,150,Yes
22,21,22,93.2,150,Yes
22,22,21,93.2,150,Yes
22,23,17,114.9,150,Yes
22,24,26,53.1,150,Yes
22,25,19,38.5,150,Yes
22,26,24,53.1,150,Yes
22,27,31,99.8,150,Yes
22,28,24,63.2,150,Yes
22,29,31,96.7,150,Yes
22,30,12,95.0,150,Yes
22,31,29,96.7,150,Yes
23,0,3,236.1,150,No
23,1,4,344.2,150,No
23,2,6,194.6,150,No
23,3,13,234.9,150,No
23,4,16,103.2,150,Yes
23,5,13,161.2,150,No
23,6,2,194.6,150,No
23,7,13,317.5,150,No
23,8,18,218.4,150,No
23,9,15,94.4,150,Yes
23,10,9,320.4,150,No
23,11,17,130.8,150,Yes
23,12,17,93.0,150,Yes
23,13,5,161.2,150,No
23,14,27,51.5,150,Yes
23,15,9,94.4,150,Yes
23,16,14,51.9,150,Yes
23,17,12,93.0,150,Yes
23,18,25,116.0,150,Yes
23,19,20,90.1,150,Yes
23,20,19,90.1,150,Yes
23,21,23,89.4,150,Yes
23,22,24,52.0,150,Yes
23,23,26,35.8,150,Yes
23,24,22,52.0,150,Yes
23,25,18,116.0,150,Yes
23,26,23,35.8,150,Yes
23,27,14,51.5,150,Yes
23,28,29,95.1,150,Yes
23,29,28,95.1,150,Yes
23,30,22,65.0,150,Yes
23,31,29,98.0,150,Yes
23,32,20,110.0,150,Yes
24,0,3,234.3,150,No
24,1,5,194.1,150,No
24,2,4,340.6,150,No
24,3,12,233.6,150,No
24,4,16,105.7,150,Yes
24,5,1,194.1,150,No
24,6,12,164.1,150,No
24,7,12,311.7,150,No
24,8,20,219.7,150,No
24,9,17,131.0,150,Yes
24,10,15,93.7,150,Yes
24,11,17,97.0,150,Yes
24,12,6,164.1,150,No
24,13,10,317.6,150,No
24,14,16,51.4,150,Yes
24,15,10,93.7,150,Yes
24,16,14,51.4,150,Yes
24,17,11,97.0,150,Yes
24,18,21,90.4,150,Yes
24,19,22,84.6,150,Yes
24,20,27,115.0,150,Yes
24,21,18,90.4,150,Yes
24,22,25,36.1,150,Yes
24,23,26,52.0,150,Yes
24,24,14,52.8,150,Yes
24,25,22,36.1,150,Yes
24,26,23,52.0,150,Yes
24,27,20,115.0,150,Yes
24,28,30,93.6,150,Yes
24,29,23,67.0,150,Yes
24,30,28,93.6,150,Yes
24,31,30,98.5,150,Yes
24,32,18,107.0,150,Yes
24,33,25,191.7,150,No
25,0,3,233.0,150,No
25,1,4,337.1,150,No
25,2,6,195.4,150,No
25,3,9,232.5,150,No
25,4,17,107.8,150,Yes
25,5,9,304.1,150,No
25,6,2,195.4,150,No
25,7,9,165.9,150,No
25,8,16,131.9,150,Yes
25,9,7,165.9,150,No
25,10,15,95.3,150,Yes
25,11,18,222.8,150,No
25,12,10,316.1,150,No
25,13,16,100.0,150,Yes
25,14,17,51.4,150,Yes
25,15,10,95.3,150,Yes
25,16,13,100.0,150,Yes
25,17,14,51.4,150,Yes
25,18,27,111.9,150,Yes
25,19,23,91.0,150,Yes
25,20,21,84.1,150,Yes
25,21,24,36.4,150,Yes
25,22,28,52.0,150,Yes
25,23,19,91.0,150,Yes
25,24,21,36.4,150,Yes
25,25,14,53.3,150,Yes
25,26,22,68.0,150,Yes
25,27,18,111.9,150,Yes
25,28,22,52.0,150,Yes
25,29,23,99.2,150,Yes
25,30,29,181.3,150,No
25,31,19,106.2,150,Yes
25,32,24,191.0,150,No
25,33,28,110.0,150,Yes
26,0,2,233.0,150,No
26,1,8,333.9,150,No
26,2,11,230.9,150,No
26,3,6,190.4,150,No
26,4,11,297.2,150,No
26,5,11,168.9,150,No
26,6,3,190.4,150,No
26,7,17,96.5,150,Yes
26,8,16,110.5,150,Yes
26,9,7,316.1,150,No
26,10,18,224.5,150,No
26,11,5,168.9,150,No
26,12,15,133.5,150,Yes
26,13,15,101.1,150,Yes
26,14,16,51.0,150,Yes
26,15,13,101.1,150,Yes
26,16,14,51.0,150,Yes
26,17,7,96.5,150,Yes
26,18,28,113.1,150,Yes
26,19,23,81.9,150,Yes
26,20,21,89.8,150,Yes
26,21,20,89.8,150,Yes
26,22,14,52.0,150,Yes
26,23,26,35.8,150,Yes
26,24,25,54.0,150,Yes
26,25,24,54.0,150,Yes
26,26,23,35.8,150,Yes
26,27,25,110.8,150,Yes
26,28,18,113.1,150,Yes
26,29,33,181.3,150,No
26,30,24,69.6,150,Yes
26,31,26,191.3,150,No
26,32,20,104.1,150,Yes
26,33,21,99.8,150,Yes
27,0,7,331.7,150,No
27,1,5,230.8,150,No
27,2,4,292.8,150,No
27,3,8,187.6,150,No
27,4,10,171.7,150,No
27,5,4,230.1,150,No
27,6,17,98.2,150,Yes
27,7,19,111.4,150,Yes
27,8,3,187.6,150,No
27,9,6,311.8,150,No
27,10,4,171.7,150,No
27,11,16,225.6,150,No
27,12,15,135.7,150,Yes
27,13,15,103.1,150,Yes
27,14,19,51.0,150,Yes
27,15,13,103.1,150,Yes
27,16,29,111.0,150,Yes
27,17,6,98.2,150,Yes
27,18,20,90.0,150,Yes
27,19,14,51.0,150,Yes
27,20,18,90.0,150,Yes
27,21,23,80.2,150,Yes
27,22,14,53.7,150,Yes
27,23,26,34.5,150,Yes
27,24,25,54.0,150,Yes
27,25,24,54.0,150,Yes
27,26,23,34.5,150,Yes
27,27,25,112.8,150,Yes
27,28,26,186.5,150,No
27,29,16,111.0,150,Yes
27,30,24,70.6,150,Yes
27,31,18,94.7,150,Yes
27,32,31,183.5,150,No
28,0,5,329.6,150,No
28,1,4,224.5,150,No
28,2,6,285.2,150,No
28,3,7,183.1,150,No
28,4,1,224.5,150,No
28,5,16,114.9,150,Yes
28,6,9,171.7,150,No
28,7,3,183.1,150,No
28,8,18,102.8,150,Yes
28,9,6,171.7,150,No
28,10,15,139.5,150,Yes
28,11,19,231.6,150,No
28,12,15,106.2,150,Yes
28,13,8,304.2,150,No
28,14,16,49.2,150,Yes
28,15,12,106.2,150,Yes
28,16,14,49.2,150,Yes
28,17,25,77.5,150,Yes
28,18,8,102.8,150,Yes
28,19,11,231.6,150,No
28,20,24,90.4,150,Yes
28,21,14,53.7,150,Yes
28,22,23,51.0,150,Yes
28,23,22,51.0,150,Yes
28,24,20,90.4,150,Yes
28,25,27,36.2,150,Yes
28,26,27,185.4,150,No
28,27,25,36.2,150,Yes
28,28,20,106.0,150,Yes
28,29,31,100.9,150,Yes
28,30,24,92.8,150,Yes
28,31,30,98.6,150,Yes
28,32,23,75.3,150,Yes
29,0,4,330.1,150,No
29,1,8,221.8,150,No
29,2,6,181.7,150,No
29,3,11,280.8,150,No
29,4,16,115.4,150,Yes
29,5,14,139.3,150,Yes
29,6,2,181.7,150,No
29,7,20,104.0,150,Yes
29,8,1,221.8,150,No
29,9,14,107.2,150,Yes
29,10,7,299.5,150,No
29,11,12,169.8,150,No
29,12,11,169.8,150,No
29,13,17,233.5,150,No
29,14,9,107.2,150,Yes
29,15,16,48.3,150,Yes
29,16,15,48.3,150,Yes
29,17,29,107.6,150,Yes
29,18,26,88.6,150,Yes
29,19,24,77.2,150,Yes
29,20,7,104.0,150,Yes
29,21,15,53.3,150,Yes
29,22,28,185.0,150,No
29,23,25,51.0,150,Yes
29,24,28,36.6,150,Yes
29,25,23,51.0,150,Yes
29,26,18,88.6,150,Yes
29,27,22,209.9,150,No
29,28,24,36.6,150,Yes
29,29,17,107.6,150,Yes
29,30,18,107.4,150,Yes
30,0,4,328.4,150,No
30,1,12,216.9,150,No
30,2,5,179.4,150,No
30,3,10,276.5,150,No
30,4,19,117.7,150,Yes
30,5,2,179.4,150,No
30,6,15,141.7,150,Yes
30,7,10,162.9,150,No
30,8,16,234.1,150,No
30,9,17,103.4,150,Yes
30,10,7,162.9,150,No
30,11,15,104.3,150,Yes
30,12,1,216.9,150,No
30,13,9,295.6,150,No
30,14,19,47.9,150,Yes
30,15,11,104.3,150,Yes
30,16,25,110.5,150,Yes
30,17,9,103.4,150,Yes
30,18,27,87.6,150,Yes
30,19,14,47.9,150,Yes
30,20,23,75.3,150,Yes
30,21,30,184.6,150,No
30,22,14,54.8,150,Yes
30,23,30,38.6,150,Yes
30,24,26,51.0,150,Yes
30,25,16,110.5,150,Yes
30,26,24,51.0,150,Yes
30,27,31,77.5,150,Yes
30,28,32,99.7,150,Yes
30,29,18,106.8,150,Yes
30,30,23,38.6,150,Yes
30,31,27,77.5,150,Yes
30,32,28,99.7,150,Yes
31,0,3,330.8,150,No
31,1,5,179.5,150,No
31,2,9,273.3,150,No
31,3,19,116.8,150,Yes
31,4,8,210.3,150,No
31,5,1,179.5,150,No
31,6,9,157.9,150,No
31,7,20,141.7,150,Yes
31,8,4,210.3,150,No
31,9,6,157.9,150,No
31,10,18,103.4,150,Yes
31,11,20,103.3,150,Yes
31,12,16,236.3,150,No
31,13,10,291.2,150,No
31,14,19,49.2,150,Yes
31,15,24,74.0,150,Yes
31,16,26,111.4,150,Yes
31,17,27,87.9,150,Yes
31,18,10,103.4,150,Yes
31,19,14,49.2,150,Yes
31,20,11,103.3,150,Yes
31,21,14,53.7,150,Yes
31,22,30,185.4,150,No
31,23,25,52.0,150,Yes
31,24,30,37.8,150,Yes
31,25,23,52.0,150,Yes
31,26,16,111.4,150,Yes
31,27,17,87.9,150,Yes
31,28,17,108.8,150,Yes
31,29,31,100.7,150,Yes
31,30,24,37.8,150,Yes
31,31,29,100.7,150,Yes
31,32,27,94.0,150,Yes
32,0,4,332.6,150,No
32,1,13,270.1,150,No
32,2,3,178.6,150,No
32,3,2,178.6,150,No
32,4,19,118.2,150,Yes
32,5,7,205.1,150,No
32,6,16,142.1,150,Yes
32,7,5,205.1,150,No
32,8,22,103.7,150,Yes
32,9,18,237.2,150,No
32,10,13,153.8,150,No
32,11,16,104.3,150,Yes
32,12,8,289.4,150,No
32,13,10,153.8,150,No
32,14,25,73.7,150,Yes
32,15,19,49.7,150,Yes
32,16,11,104.3,150,Yes
32,17,27,88.8,150,Yes
32,18,20,112.4,150,Yes
32,19,15,49.7,150,Yes
32,20,18,112.4,150,Yes
32,21,15,54.6,150,Yes
32,22,8,103.7,150,Yes
32,23,32,185.0,150,No
32,24,26,52.1,150,Yes
32,25,32,38.4,150,Yes
32,26,24,52.1,150,Yes
32,27,29,79.6,150,Yes
32,28,17,111.0,150,Yes
32,29,27,79.6,150,Yes
32,30,29,111.8,150,Yes
32,31,26,78.9,150,Yes
32,32,25,38.4,150,Yes
33,0,12,190.7,150,No
33,1,4,180.4,150,No
33,2,3,265.4,150,No
33,3,10,155.8,150,No
33,4,1,180.4,150,No
33,5,17,122.3,150,Yes
33,6,5,329.4,150,No
33,7,23,140.7,150,Yes
33,8,25,101.3,150,Yes
33,9,20,100.8,150,Yes
33,10,3,155.8,150,No
33,11,16,243.6,150,No
33,12,0,190.7,150,No
33,13,18,49.6,150,Yes
33,14,9,286.9,150,No
33,15,27,89.8,150,Yes
33,16,22,108.3,150,Yes
33,17,13,53.5,150,Yes
33,18,13,49.6,150,Yes
33,19,24,72.8,150,Yes
33,20,9,100.8,150,Yes
33,21,31,184.8,150,No
33,22,16,108.3,150,Yes
33,23,26,53.0,150,Yes
33,24,31,35.8,150,Yes
33,25,8,101.3,150,Yes
33,26,23,53.0,150,Yes
33,27,15,89.8,150,Yes
33,28,15,114.0,150,Yes
33,29,33,97.3,150,Yes
33,30,27,97.5,150,Yes
33,31,24,35.8,150,Yes
33,32,26,78.9,150,Yes
33,33,29,97.3,150,Yes
34,0,3,180.4,150,No
34,1,4,324.6,150,No
34,2,14,190.8,150,No
34,3,6,179.5,150,No
34,4,18,127.6,150,Yes
34,5,7,264.7,150,No
34,6,33,100.3,150,Yes
34,7,8,158.8,150,No
34,8,7,158.8,150,No
34,9,13,246.5,150,No
34,10,20,100.0,150,Yes
34,11,22,139.8,150,Yes
34,12,17,48.8,150,Yes
34,13,21,105.4,150,Yes
34,14,2,190.8,150,No
34,15,10,288.0,150,No
34,16,26,85.7,150,Yes
34,17,12,48.8,150,Yes
34,18,12,54.4,150,Yes
34,19,23,70.6,150,Yes
34,20,10,100.0,150,Yes
34,21,13,105.4,150,Yes
34,22,25,53.0,150,Yes
34,23,31,35.2,150,Yes
34,24,31,185.7,150,No
34,25,22,53.0,150,Yes
34,26,16,85.7,150,Yes
34,27,29,100.2,150,Yes
34,28,26,100.6,150,Yes
34,29,27,100.2,150,Yes
34,30,25,81.9,150,Yes
34,31,23,35.2,150,Yes
34,32,16,114.5,150,Yes
34,33,6,100.3,150,Yes
35,0,4,180.4,150,No
35,1,3,322.4,150,No
35,2,12,172.6,150,No
35,3,17,130.6,150,Yes
35,4,7,179.0,150,No
35,5,6,264.2,150,No
35,6,11,162.6,150,No
35,7,4,179.0,150,No
35,8,16,248.5,150,No
35,9,20,100.6,150,Yes
35,10,21,138.5,150,Yes
35,11,6,162.6,150,No
35,12,26,22.1,150,Yes
35,13,18,47.0,150,Yes
35,14,9,288.2,150,No
35,15,23,70.2,150,Yes
35,16,22,102.5,150,Yes
35,17,13,55.4,150,Yes
35,18,13,47.0,150,Yes
35,19,25,85.7,150,Yes
35,20,9,100.6,150,Yes
35,21,24,53.2,150,Yes
35,22,16,102.5,150,Yes
35,23,30,35.2,150,Yes
35,24,21,53.2,150,Yes
35,25,19,85.7,150,Yes
35,26,12,22.1,150,Yes
35,27,30,185.8,150,No
35,28,25,94.4,150,Yes
35,29,19,115.1,150,Yes
35,30,23,35.2,150,Yes
35,31,32,100.4,150,Yes
35,32,31,100.4,150,Yes
35,33,24,82.8,150,Yes
36,0,3,179.1,150,No
36,1,10,167.9,150,No
36,2,19,132.3,150,Yes
36,3,9,178.7,150,No
36,4,6,263.2,150,No
36,5,2,318.7,150,No
36,6,8,164.5,150,No
36,7,13,99.2,150,Yes
36,8,6,164.5,150,No
36,9,22,100.4,150,Yes
36,10,1,167.9,150,No
36,11,21,137.2,150,Yes
36,12,14,252.4,150,No
36,13,7,99.2,150,Yes
36,14,25,98.5,150,Yes
36,15,26,69.1,150,Yes
36,16,20,47.5,150,Yes
36,17,7,288.6,150,No
36,18,27,88.3,150,Yes
36,19,16,55.7,150,Yes
36,20,16,47.5,150,Yes
36,21,23,51.2,150,Yes
36,22,9,100.4,150,Yes
36,23,21,51.2,150,Yes
36,24,30,185.8,150,No
36,25,14,98.5,150,Yes
36,26,30,33.5,150,Yes
36,27,18,88.3,150,Yes
36,28,27,98.6,150,Yes
36,29,18,113.5,150,Yes
36,30,26,33.5,150,Yes
36,31,32,100.4,150,Yes
36,32,31,100.4,150,Yes
36,33,23,85.1,150,Yes
37,0,6,164.3,150,No
37,1,5,178.2,150,No
37,2,4,313.8,150,No
37,3,10,259.5,150,No
37,4,18,134.7,150,Yes
37,5,1,178.2,150,No
37,6,0,164.3,150,No
37,7,10,167.6,150,No
37,8,13,99.1,150,Yes
37,9,21,134.0,150,Yes
37,10,7,167.6,150,No
37,11,19,105.2,150,Yes
37,12,14,255.0,150,No
37,13,8,99.1,150,Yes
37,14,27,96.5,150,Yes
37,15,20,49.4,150,Yes
37,16,8,288.8,150,No
37,17,26,68.0,150,Yes
37,18,15,56.5,150,Yes
37,19,11,105.2,150,Yes
37,20,15,49.4,150,Yes
37,21,24,51.2,150,Yes
37,22,25,88.5,150,Yes
37,23,32,186.7,150,No
37,24,21,51.2,150,Yes
37,25,33,86.5,150,Yes
37,26,32,33.6,150,Yes
37,27,14,96.5,150,Yes
37,28,22,110.6,150,Yes
37,29,30,101.1,150,Yes
37,30,29,101.1,150,Yes
37,31,24,86.8,150,Yes
37,32,26,33.6,150,Yes
37,33,25,86.5,150,Yes
38,0,7,163.5,150,No
38,1,8,309.4,150,No
38,2,6,176.0,150,No
38,3,4,256.6,150,No
38,4,10,174.6,150,No
38,5,13,102.7,150,Yes
38,6,11,175.0,150,No
38,7,0,163.5,150,No
38,8,19,140.8,150,Yes
38,9,16,260.7,150,No
38,10,4,174.6,150,No
38,11,14,107.2,150,Yes
38,12,24,130.0,150,Yes
38,13,5,102.7,150,Yes
38,14,11,107.2,150,Yes
38,15,26,68.5,150,Yes
38,16,28,94.8,150,Yes
38,17,5,285.5,150,No
38,18,25,48.3,150,Yes
38,19,18,55.9,150,Yes
38,20,23,91.4,150,Yes
38,21,30,218.3,150,No
38,22,24,52.2,150,Yes
38,23,27,32.1,150,Yes
38,24,22,52.2,150,Yes
38,25,18,48.3,150,Yes
38,26,15,68.5,150,Yes
38,27,23,32.1,150,Yes
38,28,16,94.8,150,Yes
38,29,30,100.6,150,Yes
38,30,29,100.6,150,Yes
38,31,22,88.6,150,Yes
39,0,20,146.4,150,Yes
39,1,3,161.4,150,No
39,2,7,173.6,150,No
39,3,1,161.4,150,No
39,4,11,254.8,150,No
39,5,14,105.0,150,Yes
39,6,11,175.5,150,No
39,7,2,173.6,150,No
39,8,25,107.2,150,Yes
39,9,29,99.3,150,Yes
39,10,22,129.1,150,Yes
39,11,6,175.5,150,No
39,12,0,305.5,150,No
39,13,26,69.1,150,Yes
39,14,5,105.0,150,Yes
39,15,23,47.7,150,Yes
39,16,5,282.9,150,No
39,17,30,93.8,150,Yes
39,18,19,91.2,150,Yes
39,19,18,91.2,150,Yes
39,20,15,55.9,150,Yes
39,21,22,51.4,150,Yes
39,22,21,51.4,150,Yes
39,23,15,47.7,150,Yes
39,24,32,186.4,150,No
39,25,8,107.2,150,Yes
39,26,32,33.2,150,Yes
39,27,1,231.8,150,No
39,28,34,69.0,150,Yes
39,29,9,99.3,150,Yes
39,30,17,93.8,150,Yes
39,31,34,35.1,150,Yes
39,32,26,33.2,150,Yes
39,33,21,91.1,150,Yes
39,34,31,35.1,150,Yes
40,0,1,162.3,150,No
40,1,0,162.3,150,No
40,2,8,171.4,150,No
40,3,20,148.5,150,Yes
40,4,11,174.6,150,No
40,5,13,108.7,150,Yes
40,6,11,250.9,150,No
40,7,17,111.1,150,Yes
40,8,2,171.4,150,No
40,9,22,128.1,150,Yes
40,10,21,102.2,150,Yes
40,11,4,174.6,150,No
40,12,27,69.2,150,Yes
40,13,5,108.7,150,Yes
40,14,3,304.4,150,No
40,15,5,277.9,150,No
40,16,25,47.2,150,Yes
40,17,7,111.1,150,Yes
40,18,22,50.2,150,Yes
40,19,31,91.1,150,Yes
40,20,16,55.5,150,Yes
40,21,10,102.2,150,Yes
40,22,18,50.2,150,Yes
40,23,33,185.2,150,No
40,24,35,96.0,150,Yes
40,25,16,47.2,150,Yes
40,26,31,35.1,150,Yes
40,27,33,34.5,150,Yes
40,28,34,68.6,150,Yes
40,29,18,91.4,150,Yes
40,30,34,35.1,150,Yes
40,31,26,35.1,150,Yes
40,32,1,229.7,150,No
40,33,27,34.5,150,Yes
40,34,30,35.1,150,Yes
40,35,24,96.0,150,Yes
41,0,20,149.9,150,Yes
41,1,8,167.3,150,No
41,2,3,163.2,150,No
41,3,2,163.2,150,No
41,4,16,167.6,150,No
41,5,16,248.9,150,No
41,6,11,111.1,150,Yes
41,7,12,110.9,150,Yes
41,8,1,167.3,150,No
41,9,23,130.2,150,Yes
41,10,24,104.3,150,Yes
41,11,6,111.1,150,Yes
41,12,7,110.9,150,Yes
41,13,28,69.1,150,Yes
41,14,0,303.7,150,No
41,15,25,47.7,150,Yes
41,16,4,167.6,150,No
41,17,30,93.9,150,Yes
41,18,23,49.5,150,Yes
41,19,26,97.5,150,Yes
41,20,15,56.9,150,Yes
41,21,3,227.7,150,No
41,22,35,185.8,150,No
41,23,18,49.5,150,Yes
41,24,10,104.3,150,Yes
41,25,15,47.7,150,Yes
41,26,33,96.3,150,Yes
41,27,7,273.8,150,No
41,28,35,35.8,150,Yes
41,29,34,67.7,150,Yes
41,30,17,93.9,150,Yes
41,31,18,92.7,150,Yes
41,32,34,35.0,150,Yes
41,33,26,96.3,150,Yes
41,34,32,35.0,150,Yes
41,35,28,35.8,150,Yes
42,0,22,151.3,150,No
42,1,8,164.3,150,No
42,2,3,162.1,150,No
42,3,2,162.1,150,No
42,4,12,244.1,150,No
42,5,0,301.2,150,No
42,6,12,161.9,150,No
42,7,16,112.0,150,Yes
42,8,1,164.3,150,No
42,9,13,111.7,150,Yes
42,10,21,103.8,150,Yes
42,11,26,129.4,150,Yes
42,12,6,161.9,150,No
42,13,9,111.7,150,Yes
42,14,30,68.2,150,Yes
42,15,9,277.8,150,No
42,16,7,112.0,150,Yes
42,17,2,227.9,150,No
42,18,31,94.6,150,Yes
42,19,24,96.5,150,Yes
42,20,27,47.7,150,Yes
42,21,10,103.8,150,Yes
42,22,20,56.5,150,Yes
42,23,26,51.4,150,Yes
42,24,19,96.5,150,Yes
42,25,30,218.7,150,No
42,26,23,51.4,150,Yes
42,27,20,47.7,150,Yes
42,28,32,68.3,150,Yes
42,29,32,34.0,150,Yes
42,30,14,68.2,150,Yes
42,31,18,94.6,150,Yes
42,32,29,34.0,150,Yes
42,33,28,98.8,150,Yes
42,34,23,92.0,150,Yes
43,0,1,156.0,150,No
43,1,0,156.0,150,No
43,2,22,157.0,150,No
43,3,11,155.3,150,No
43,4,8,158.0,150,No
43,5,3,238.8,150,No
43,6,4,162.9,150,No
43,7,14,110.4,150,Yes
43,8,16,112.1,150,Yes
43,9,25,109.8,150,Yes
43,10,26,129.4,150,Yes
43,11,3,155.3,150,No
43,12,1,228.3,150,No
43,13,29,65.7,150,Yes
43,14,7,110.4,150,Yes
43,15,7,271.6,150,No
43,16,8,112.1,150,Yes
43,17,2,299.5,150,No
43,18,20,94.4,150,Yes
43,19,32,94.5,150,Yes
43,20,18,94.4,150,Yes
43,21,31,44.7,150,Yes
43,22,21,55.9,150,Yes
43,23,35,184.2,150,No
43,24,26,51.4,150,Yes
43,25,9,109.8,150,Yes
43,26,24,51.4,150,Yes
43,27,28,100.4,150,Yes
43,28,34,65.7,150,Yes
43,29,35,39.4,150,Yes
43,30,34,33.0,150,Yes
43,31,21,44.7,150,Yes
43,32,19,94.5,150,Yes
43,33,24,92.7,150,Yes
43,34,30,33.0,150,Yes
43,35,29,39.4,150,Yes
44,0,23,159.1,150,No
44,1,2,153.0,150,No
44,2,1,153.0,150,No
44,3,12,156.5,150,No
44,4,6,152.5,150,No
44,5,6,235.7,150,No
44,6,4,152.5,150,No
44,7,0,298.5,150,No
44,8,18,108.2,150,Yes
44,9,3,162.9,150,No
44,10,26,130.1,150,Yes
44,11,21,109.4,150,Yes
44,12,13,108.1,150,Yes
44,13,12,108.1,150,Yes
44,14,33,94.4,150,Yes
44,15,8,267.5,150,No
44,16,29,64.5,150,Yes
44,17,2,229.0,150,No
44,18,8,108.2,150,Yes
44,19,25,96.2,150,Yes
44,20,31,47.5,150,Yes
44,21,11,109.4,150,Yes
44,22,34,186.1,150,No
44,23,20,59.1,150,Yes
44,24,26,53.3,150,Yes
44,25,19,96.2,150,Yes
44,26,24,53.3,150,Yes
44,27,25,99.1,150,Yes
44,28,32,32.1,150,Yes
44,29,34,39.7,150,Yes
44,30,32,65.7,150,Yes
44,31,20,47.5,150,Yes
44,32,28,32.1,150,Yes
44,33,14,94.4,150,Yes
44,34,29,39.7,150,Yes
44,35,24,91.4,150,Yes
44,36,19,114.8,150,Yes
45,0,24,162.7,150,No
45,1,2,148.3,150,Yes
45,2,1,148.3,150,Yes
45,3,12,150.8,150,No
45,4,12,236.2,150,No
45,5,11,155.1,150,No
45,6,16,106.0,150,Yes
45,7,5,164.7,150,No
45,8,0,295.7,150,No
45,9,15,103.8,150,Yes
45,10,27,128.0,150,Yes
45,11,19,105.0,150,Yes
45,12,3,150.8,150,No
45,13,6,263.0,150,No
45,14,1,231.0,150,No
45,15,9,103.8,150,Yes
45,16,6,106.0,150,Yes
45,17,28,64.6,150,Yes
45,18,23,96.0,150,Yes
45,19,11,105.0,150,Yes
45,20,30,45.5,150,Yes
45,21,35,90.4,150,Yes
45,22,33,186.1,150,No
45,23,18,96.0,150,Yes
45,24,20,59.5,150,Yes
45,25,18,96.9,150,Yes
45,26,27,53.3,150,Yes
45,27,26,53.3,150,Yes
45,28,33,40.5,150,Yes
45,29,34,63.3,150,Yes
45,30,20,45.5,150,Yes
45,31,34,31.0,150,Yes
45,32,26,92.4,150,Yes
45,33,28,40.5,150,Yes
45,34,31,31.0,150,Yes
45,35,21,90.4,150,Yes
46,0,21,166.2,150,No
46,1,3,237.4,150,No
46,2,9,154.4,150,No
46,3,6,157.0,150,No
46,4,8,140.0,150,Yes
46,5,2,165.2,150,No
46,6,3,157.0,150,No
46,7,20,105.9,150,Yes
46,8,4,140.0,150,Yes
46,9,15,102.0,150,Yes
46,10,16,100.7,150,Yes
46,11,0,290.9,150,No
46,12,28,128.0,150,Yes
46,13,20,261.2,150,No
46,14,29,90.8,150,Yes
46,15,9,102.0,150,Yes
46,16,10,100.7,150,Yes
46,17,26,65.2,150,Yes
46,18,8,236.9,150,No
46,19,31,46.2,150,Yes
46,20,7,105.9,150,Yes
46,21,19,59.0,150,Yes
46,22,14,93.0,150,Yes
46,23,32,186.1,150,No
46,24,34,65.2,150,Yes
46,25,28,53.3,150,Yes
46,26,32,39.2,150,Yes
46,27,10,284.3,150,No
46,28,25,53.3,150,Yes
46,29,14,90.8,150,Yes
46,30,34,31.1,150,Yes
46,31,19,46.2,150,Yes
46,32,26,39.2,150,Yes
46,33,25,95.3,150,Yes
46,34,30,31.1,150,Yes
47,0,19,171.9,150,No
47,1,3,232.1,150,No
47,2,14,152.2,150,No
47,3,7,162.9,150,No
47,4,2,165.2,150,No
47,5,21,105.1,150,Yes
47,6,8,135.1,150,Yes
47,7,3,162.9,150,No
47,8,6,135.1,150,Yes
47,9,13,97.1,150,Yes
47,10,0,284.9,150,No
47,11,21,259.6,150,No
47,12,8,240.6,150,No
47,13,9,97.1,150,Yes
47,14,23,99.1,150,Yes
47,15,28,126.6,150,Yes
47,16,27,90.6,150,Yes
47,17,32,44.0,150,Yes
47,18,29,64.5,150,Yes
47,19,17,59.0,150,Yes
47,20,30,186.0,150,No
47,21,5,105.1,150,Yes
47,22,16,91.1,150,Yes
47,23,14,99.1,150,Yes
47,24,9,287.8,150,No
47,25,34,64.7,150,Yes
47,26,28,54.2,150,Yes
47,27,16,90.6,150,Yes
47,28,26,54.2,150,Yes
47,29,30,40.8,150,Yes
47,30,29,40.8,150,Yes
47,31,34,29.1,150,Yes
47,32,17,44.0,150,Yes
47,33,26,91.8,150,Yes
47,34,31,29.1,150,Yes
48,0,5,168.7,150,No
48,1,2,132.2,150,Yes
48,2,1,132.2,150,Yes
48,3,13,147.2,150,Yes
48,4,22,182.9,150,No
48,5,0,168.7,150,No
48,6,5,222.7,150,No
48,7,18,254.4,150,No
48,8,2,252.3,150,No
48,9,3,164.7,150,No
48,10,14,90.8,150,Yes
48,11,18,100.8,150,Yes
48,12,4,269.8,150,No
48,13,24,101.1,150,Yes
48,14,10,90.8,150,Yes
48,15,27,121.8,150,Yes
48,16,17,90.7,150,Yes
48,17,23,89.1,150,Yes
48,18,11,100.8,150,Yes
48,19,33,49.7,150,Yes
48,20,30,68.6,150,Yes
48,21,29,187.0,150,No
48,22,19,61.3,150,Yes
48,23,17,89.1,150,Yes
48,24,13,101.1,150,Yes
48,25,31,87.7,150,Yes
48,26,27,56.3,150,Yes
48,27,26,56.3,150,Yes
48,28,10,293.5,150,No
48,29,30,37.2,150,Yes
48,30,29,37.2,150,Yes
48,31,25,87.7,150,Yes
48,32,16,121.2,150,Yes
48,33,19,49.7,150,Yes
48,34,26,93.0,150,Yes
49,0,3,133.5,150,Yes
49,1,14,171.4,150,No
49,2,25,185.2,150,No
49,3,0,133.5,150,Yes
49,4,13,142.1,150,Yes
49,5,2,267.6,150,No
49,6,4,162.5,150,No
49,7,17,252.9,150,No
49,8,17,99.4,150,Yes
49,9,12,87.5,150,Yes
49,10,14,217.6,150,No
49,11,0,253.1,150,No
49,12,9,87.5,150,Yes
49,13,24,105.1,150,Yes
49,14,1,171.4,150,No
49,15,26,119.9,150,Yes
49,16,19,92.8,150,Yes
49,17,8,99.4,150,Yes
49,18,29,50.7,150,Yes
49,19,23,90.1,150,Yes
49,20,31,68.8,150,Yes
49,21,28,186.0,150,No
49,22,34,58.8,150,Yes
49,23,19,90.1,150,Yes
49,24,13,105.1,150,Yes
49,25,18,60.8,150,Yes
49,26,27,57.4,150,Yes
49,27,26,57.4,150,Yes
49,28,31,37.6,150,Yes
49,29,18,50.7,150,Yes
49,30,34,35.2,150,Yes
49,31,28,37.6,150,Yes
49,32,16,120.3,150,Yes
49,33,9,296.1,150,No
49,34,30,35.2,150,Yes
49,35,27,93.6,150,Yes
50,0,3,132.6,150,Yes
50,1,4,261.7,150,No
50,2,10,174.5,150,No
50,3,0,132.6,150,Yes
50,4,23,189.0,150,No
50,5,12,138.6,150,Yes
50,6,10,212.4,150,No
50,7,17,101.3,150,Yes
50,8,5,160.6,150,No
50,9,3,246.8,150,No
50,10,2,174.5,150,No
50,11,13,85.9,150,Yes
50,12,22,106.2,150,Yes
50,13,11,85.9,150,Yes
50,14,17,250.8,150,No
50,15,27,117.8,150,Yes
50,16,18,90.6,150,Yes
50,17,7,101.3,150,Yes
50,18,20,86.3,150,Yes
50,19,29,48.8,150,Yes
50,20,18,86.3,150,Yes
50,21,33,71.1,150,Yes
50,22,12,106.2,150,Yes
50,23,19,61.3,150,Yes
50,24,31,186.1,150,No
50,25,34,58.8,150,Yes
50,26,11,298.4,150,No
50,27,28,58.4,150,Yes
50,28,27,58.4,150,Yes
50,29,19,48.8,150,Yes
50,30,34,35.4,150,Yes
50,31,33,36.1,150,Yes
50,32,16,117.9,150,Yes
50,33,31,36.1,150,Yes
50,34,30,35.4,150,Yes
51,0,6,131.6,150,Yes
51,1,2,255.8,150,No
51,2,23,194.4,150,No
51,3,12,180.3,150,No
51,4,11,135.3,150,Yes
51,5,18,100.8,150,Yes
51,6,0,131.6,150,Yes
51,7,4,158.8,150,No
51,8,12,204.3,150,No
51,9,0,242.4,150,No
51,10,14,84.4,150,Yes
51,11,20,106.2,150,Yes
51,12,3,180.3,150,No
51,13,18,251.4,150,No
51,14,10,84.4,150,Yes
51,15,27,115.1,150,Yes
51,16,19,94.4,150,Yes
51,17,30,52.4,150,Yes
51,18,5,100.8,150,Yes
51,19,24,89.1,150,Yes
51,20,11,106.2,150,Yes
51,21,31,71.5,150,Yes
51,22,32,186.0,150,No
51,23,17,61.3,150,Yes
51,24,19,89.1,150,Yes
51,25,14,300.1,150,No
51,26,33,57.8,150,Yes
51,27,29,58.4,150,Yes
51,28,33,37.5,150,Yes
51,29,27,58.4,150,Yes
51,30,17,52.4,150,Yes
51,31,32,36.7,150,Yes
51,32,31,36.7,150,Yes
51,33,28,37.5,150,Yes
51,34,16,113.8,150,Yes
52,0,9,131.2,150,Yes
52,1,2,253.2,150,No
52,2,24,199.6,150,No
52,3,12,198.0,150,No
52,4,0,242.2,150,No
52,5,16,106.4,150,Yes
52,6,22,104.4,150,Yes
52,7,12,176.4,150,No
52,8,5,130.7,150,Yes
52,9,0,131.2,150,Yes
52,10,8,155.8,150,No
52,11,15,84.3,150,Yes
52,12,7,176.4,150,No
52,13,22,248.5,150,No
52,14,27,113.7,150,Yes
52,15,11,84.3,150,Yes
52,16,5,106.4,150,Yes
52,17,19,93.9,150,Yes
52,18,28,52.4,150,Yes
52,19,20,91.3,150,Yes
52,20,19,91.3,150,Yes
52,21,30,72.8,150,Yes
52,22,6,104.4,150,Yes
52,23,32,187.0,150,No
52,24,18,62.6,150,Yes
52,25,15,302.8,150,No
52,26,33,59.5,150,Yes
52,27,29,59.4,150,Yes
52,28,18,52.4,150,Yes
52,29,27,59.4,150,Yes
52,30,32,36.7,150,Yes
52,31,33,37.3,150,Yes
52,32,30,36.7,150,Yes
52,33,31,37.3,150,Yes
52,34,17,111.6,150,Yes
53,0,10,252.5,150,No
53,1,5,189.4,150,No
53,2,9,131.9,150,Yes
53,3,6,120.4,150,Yes
53,4,2,239.4,150,No
53,5,12,167.5,150,No
53,6,17,112.4,150,Yes
53,7,20,108.7,150,Yes
53,8,3,149.0,150,Yes
53,9,2,131.9,150,Yes
53,10,22,206.8,150,No
53,11,14,82.0,150,Yes
53,12,5,167.5,150,No
53,13,27,110.8,150,Yes
53,14,11,82.0,150,Yes
53,15,24,94.5,150,Yes
53,16,20,244.1,150,No
53,17,6,112.4,150,Yes
53,18,33,52.0,150,Yes
53,19,28,73.6,150,Yes
53,20,7,108.7,150,Yes
53,21,24,93.7,150,Yes
53,22,18,61.7,150,Yes
53,23,32,190.0,150,No
53,24,21,93.7,150,Yes
53,25,14,305.5,150,No
53,26,31,61.6,150,Yes
53,27,29,61.5,150,Yes
53,28,32,34.8,150,Yes
53,29,27,61.5,150,Yes
53,30,31,36.2,150,Yes
53,31,30,36.2,150,Yes
53,32,28,34.8,150,Yes
53,33,18,52.0,150,Yes
53,34,29,98.0,150,Yes
54,0,5,251.4,150,No
54,1,10,130.6,150,Yes
54,2,1,235.1,150,No
54,3,7,188.0,150,No
54,4,13,115.0,150,Yes
54,5,24,209.0,150,No
54,6,7,163.8,150,No
54,7,6,163.8,150,No
54,8,17,113.1,150,Yes
54,9,17,241.9,150,No
54,10,1,130.6,150,Yes
54,11,19,82.0,150,Yes
54,12,4,147.6,150,Yes
54,13,21,112.5,150,Yes
54,14,20,95.0,150,Yes
54,15,29,110.1,150,Yes
54,16,31,75.0,150,Yes
54,17,8,113.1,150,Yes
54,18,20,89.0,150,Yes
54,19,11,82.0,150,Yes
54,20,18,89.0,150,Yes
54,21,13,112.5,150,Yes
54,22,34,36.1,150,Yes
54,23,32,190.0,150,No
54,24,22,62.6,150,Yes
54,25,35,78.8,150,Yes
54,26,28,62.2,150,Yes
54,27,28,35.5,150,Yes
54,28,27,35.5,150,Yes
54,29,30,60.5,150,Yes
54,30,29,60.5,150,Yes
54,31,32,35.1,150,Yes
54,32,31,35.1,150,Yes
54,33,34,22.6,150,Yes
54,34,33,22.6,150,Yes
54,35,25,78.8,150,Yes
55,0,2,251.8,150,No
55,1,7,233.0,150,No
55,2,21,212.2,150,No
55,3,4,112.7,150,Yes
55,4,17,111.5,150,Yes
55,5,11,185.0,150,No
55,6,7,129.3,150,Yes
55,7,6,129.3,150,Yes
55,8,16,115.3,150,Yes
55,9,3,147.2,150,Yes
55,10,11,161.6,150,No
55,11,10,161.6,150,No
55,12,25,82.0,150,Yes
55,13,19,99.6,150,Yes
55,14,27,110.1,150,Yes
55,15,16,236.9,150,No
55,16,8,115.3,150,Yes
55,17,4,111.5,150,Yes
55,18,28,75.1,150,Yes
55,19,22,86.6,150,Yes
55,20,32,41.0,150,Yes
55,21,20,62.2,150,Yes
55,22,19,86.6,150,Yes
55,23,33,190.0,150,No
55,24,25,309.1,150,No
55,25,12,82.0,150,Yes
55,26,31,64.4,150,Yes
55,27,30,61.5,150,Yes
55,28,33,36.8,150,Yes
55,29,31,36.7,150,Yes
55,30,27,61.5,150,Yes
55,31,29,36.7,150,Yes
55,32,34,15.2,150,Yes
55,33,28,36.8,150,Yes
55,34,32,15.2,150,Yes
56,0,4,251.4,150,No
56,1,11,183.0,150,No
56,2,10,126.8,150,Yes
56,3,8,110.1,150,Yes
56,4,22,214.4,150,No
56,5,3,149.0,150,Yes
56,6,11,159.7,150,No
56,7,10,228.8,150,No
56,8,17,108.7,150,Yes
56,9,20,115.6,150,Yes
56,10,2,126.8,150,Yes
56,11,6,159.7,150,No
56,12,20,236.2,150,No
56,13,27,107.9,150,Yes
56,14,16,100.4,150,Yes
56,15,24,82.1,150,Yes
56,16,18,88.1,150,Yes
56,17,8,108.7,150,Yes
56,18,16,88.1,150,Yes
56,19,28,75.1,150,Yes
56,20,9,115.6,150,Yes
56,21,32,41.7,150,Yes
56,22,21,60.8,150,Yes
56,23,33,191.1,150,No
56,24,15,82.1,150,Yes
56,25,30,62.9,150,Yes
56,26,34,78.8,150,Yes
56,27,31,63.5,150,Yes
56,28,33,38.0,150,Yes
56,29,30,36.2,150,Yes
56,30,29,36.2,150,Yes
56,31,27,63.5,150,Yes
56,32,21,41.7,150,Yes
56,33,28,38.0,150,Yes
56,34,26,78.8,150,Yes
57,0,1,252.2,150,No
57,1,21,216.6,150,No
57,2,11,182.4,150,No
57,3,4,109.8,150,Yes
57,4,18,109.7,150,Yes
57,5,9,126.6,150,Yes
57,6,19,114.6,150,Yes
57,7,9,227.2,150,No
57,8,3,149.5,150,Yes
57,9,5,126.6,150,Yes
57,10,11,153.1,150,No
57,11,10,153.1,150,No
57,12,27,107.9,150,Yes
57,13,28,77.9,150,Yes
57,14,19,231.4,150,No
57,15,26,87.9,150,Yes
57,16,15,101.4,150,Yes
57,17,33,40.4,150,Yes
57,18,4,109.7,150,Yes
57,19,6,114.6,150,Yes
57,20,23,80.7,150,Yes
57,21,17,59.5,150,Yes
57,22,28,225.2,150,No
57,23,20,80.7,150,Yes
57,24,29,61.6,150,Yes
57,25,23,311.7,150,No
57,26,15,87.9,150,Yes
57,27,31,63.6,150,Yes
57,28,13,77.9,150,Yes
57,29,30,35.2,150,Yes
57,30,29,35.2,150,Yes
57,31,27,63.6,150,Yes
57,32,33,17.5,150,Yes
57,33,32,17.5,150,Yes
58,0,19,221.9,150,No
58,1,0,251.6,150,No
58,2,4,178.0,150,No
58,3,6,109.0,150,Yes
58,4,7,162.5,150,No
58,5,8,135.2,150,Yes
58,6,14,107.8,150,Yes
58,7,4,162.5,150,No
58,8,5,135.2,150,Yes
58,9,17,112.2,150,Yes
58,10,23,85.8,150,Yes
58,11,3,150.9,150,No
58,12,26,74.2,150,Yes
58,13,8,222.1,150,No
58,14,6,107.8,150,Yes
58,15,33,43.8,150,Yes
58,16,24,106.0,150,Yes
58,17,9,112.2,150,Yes
58,18,17,223.3,150,No
58,19,15,60.5,150,Yes
58,20,34,93.7,150,Yes
58,21,31,192.4,150,No
58,22,20,101.1,150,Yes
58,23,31,38.9,150,Yes
58,24,29,63.6,150,Yes
58,25,32,58.7,150,Yes
58,26,12,74.2,150,Yes
58,27,12,316.2,150,No
58,28,33,11.4,150,Yes
58,29,24,63.6,150,Yes
58,30,32,34.0,150,Yes
58,31,23,38.9,150,Yes
58,32,30,34.0,150,Yes
58,33,28,11.4,150,Yes
58,34,20,93.7,150,Yes
59,0,1,249.3,150,No
59,1,18,225.5,150,No
59,2,7,110.1,150,Yes
59,3,9,139.5,150,Yes
59,4,6,171.7,150,No
59,5,6,179.8,150,No
59,6,4,171.7,150,No
59,7,10,107.6,150,Yes
59,8,16,112.0,150,Yes
59,9,3,139.5,150,Yes
59,10,7,107.6,150,Yes
59,11,2,151.4,150,No
59,12,34,41.9,150,Yes
59,13,9,217.0,150,No
59,14,26,86.8,150,Yes
59,15,23,104.8,150,Yes
59,16,8,112.0,150,Yes
59,17,25,71.8,150,Yes
59,18,12,59.8,150,Yes
59,19,31,86.8,150,Yes
59,20,16,219.1,150,No
59,21,33,193.6,150,No
59,22,19,102.6,150,Yes
59,23,29,64.8,150,Yes
59,24,32,58.8,150,Yes
59,25,17,71.8,150,Yes
59,26,33,39.7,150,Yes
59,27,17,319.3,150,No
59,28,34,13.0,150,Yes
59,29,23,64.8,150,Yes
59,30,32,34.0,150,Yes
59,31,19,86.8,150,Yes
59,32,30,34.0,150,Yes
59,33,26,39.7,150,Yes
59,34,28,13.0,150,Yes
60,0,18,233.8,150,No
60,1,4,148.5,150,Yes
60,2,9,177.4,150,No
60,3,7,109.1,150,Yes
60,4,1,148.5,150,Yes
60,5,14,112.6,150,Yes
60,6,9,176.3,150,No
60,7,23,106.6,150,Yes
60,8,0,241.0,150,No
60,9,6,176.3,150,No
60,10,3,151.4,150,No
60,11,24,48.8,150,Yes
60,12,21,101.6,150,Yes
60,13,4,210.3,150,No
60,14,5,112.6,150,Yes
60,15,25,89.9,150,Yes
60,16,20,101.6,150,Yes
60,17,14,216.4,150,No
60,18,11,59.5,150,Yes
60,19,29,192.8,150,No
60,20,16,101.6,150,Yes
60,21,27,65.8,150,Yes
60,22,30,69.6,150,Yes
60,23,7,106.6,150,Yes
60,24,11,48.8,150,Yes
60,25,29,41.0,150,Yes
60,26,28,86.3,150,Yes
60,27,21,65.8,150,Yes
60,28,26,86.3,150,Yes
60,29,25,41.0,150,Yes
60,30,22,69.6,150,Yes
60,31,22,324.7,150,No
61,0,1,231.7,150,No
61,1,0,231.7,150,No
61,2,9,108.5,150,Yes
61,3,11,145.0,150,Yes
61,4,6,179.2,150,No
61,5,13,110.3,150,Yes
61,6,7,178.0,150,No
61,7,6,178.0,150,No
61,8,21,92.6,150,Yes
61,9,2,108.5,150,Yes
61,10,2,151.0,150,No
61,11,3,145.0,150,Yes
61,12,20,99.9,150,Yes
61,13,5,110.3,150,Yes
61,14,25,49.7,150,Yes
61,15,11,214.8,150,No
61,16,19,99.5,150,Yes
61,17,14,59.8,150,Yes
61,18,29,192.9,150,No
61,19,16,99.5,150,Yes
61,20,26,66.8,150,Yes
61,21,29,41.9,150,Yes
61,22,13,213.7,150,No
61,23,9,110.5,150,Yes
61,24,32,58.8,150,Yes
61,25,14,49.7,150,Yes
61,26,20,66.8,150,Yes
61,27,30,215.0,150,No
61,28,32,34.0,150,Yes
61,29,21,41.9,150,Yes
61,30,31,137.2,150,Yes
61,31,30,137.2,150,Yes
61,32,28,34.0,150,Yes
61,33,26,105.5,150,Yes
62,0,9,226.5,150,No
62,1,6,106.7,150,Yes
62,2,16,160.4,150,No
62,3,14,109.6,150,Yes
62,4,7,175.8,150,No
62,5,4,182.2,150,No
62,6,1,106.7,150,Yes
62,7,4,175.8,150,No
62,8,26,93.5,150,Yes
62,9,0,226.5,150,No
62,10,1,149.2,150,Yes
62,11,16,201.5,150,No
62,12,28,65.5,150,Yes
62,13,20,99.0,150,Yes
62,14,3,109.6,150,Yes
62,15,25,51.0,150,Yes
62,16,2,160.4,150,No
62,17,15,58.9,150,Yes
62,18,32,193.9,150,No
62,19,6,113.5,150,Yes
62,20,22,66.6,150,Yes
62,21,36,82.2,150,Yes
62,22,34,56.6,150,Yes
62,23,21,100.4,150,Yes
62,24,14,213.3,150,No
62,25,15,51.0,150,Yes
62,26,32,40.5,150,Yes
62,27,31,61.0,150,Yes
62,28,12,65.5,150,Yes
62,29,33,140.2,150,Yes
62,30,31,33.0,150,Yes
62,31,30,33.0,150,Yes
62,32,26,40.5,150,Yes
62,33,29,140.2,150,Yes
62,34,35,52.8,150,Yes
62,35,34,52.8,150,Yes
62,36,21,82.2,150,Yes
63,0,1,218.6,150,No
63,1,0,218.6,150,No
63,2,9,189.3,150,No
63,3,6,179.2,150,No
63,4,6,179.4,150,No
63,5,16,111.7,150,Yes
63,6,3,179.2,150,No
63,7,10,105.6,150,Yes
63,8,9,171.7,150,No
63,9,8,171.7,150,No
63,10,7,105.6,150,Yes
63,11,21,97.8,150,Yes
63,12,25,100.7,150,Yes
63,13,7,143.8,150,Yes
63,14,10,114.4,150,Yes
63,15,35,87.6,150,Yes
63,16,5,111.7,150,Yes
63,17,26,67.6,150,Yes
63,18,37,23.3,150,Yes
63,19,18,59.1,150,Yes
63,20,33,193.8,150,No
63,21,22,66.8,150,Yes
63,22,31,53.9,150,Yes
63,23,15,100.2,150,Yes
63,24,34,61.6,150,Yes
63,25,33,37.7,150,Yes
63,26,17,67.6,150,Yes
63,27,37,40.2,150,Yes
63,28,34,34.0,150,Yes
63,29,16,209.6,150,No
63,30,31,53.7,150,Yes
63,31,30,53.7,150,Yes
63,32,36,148.1,150,Yes
63,33,25,37.7,150,Yes
63,34,28,34.0,150,Yes
63,35,15,87.6,150,Yes
63,36,32,148.1,150,Yes
63,37,18,23.3,150,Yes
64,0,1,214.2,150,No
64,1,0,214.2,150,No
64,2,7,181.3,150,No
64,3,4,182.4,150,No
64,4,9,174.5,150,No
64,5,10,107.1,150,Yes
64,6,7,175.0,150,No
64,7,6,175.0,150,No
64,8,13,114.6,150,Yes
64,9,4,174.5,150,No
64,10,5,107.1,150,Yes
64,11,20,97.6,150,Yes
64,12,10,115.2,150,Yes
64,13,8,114.6,150,Yes
64,14,25,102.0,150,Yes
64,15,5,141.9,150,Yes
64,16,32,87.9,150,Yes
64,17,26,66.2,150,Yes
64,18,34,29.7,150,Yes
64,19,18,61.3,150,Yes
64,20,22,66.8,150,Yes
64,21,29,193.9,150,No
64,22,33,52.0,150,Yes
64,23,13,208.2,150,No
64,24,16,102.4,150,Yes
64,25,29,36.4,150,Yes
64,26,17,66.2,150,Yes
64,27,37,35.1,150,Yes
64,28,36,151.1,150,No
64,29,25,36.4,150,Yes
64,30,37,62.3,150,Yes
64,31,34,28.4,150,Yes
64,32,16,87.9,150,Yes
64,33,22,52.0,150,Yes
64,34,31,28.4,150,Yes
64,35,33,55.6,150,Yes
64,36,28,151.1,150,No
64,37,27,35.1,150,Yes
65,0,3,206.1,150,No
65,1,7,168.9,150,No
65,2,1,184.3,150,No
65,3,0,206.1,150,No
65,4,6,108.0,150,Yes
65,5,10,175.6,150,No
65,6,4,108.0,150,Yes
65,7,1,168.9,150,No
65,8,18,116.2,150,Yes
65,9,10,175.6,150,No
65,10,9,175.6,150,No
65,11,6,116.2,150,Yes
65,12,33,102.9,150,Yes
65,13,20,98.5,150,Yes
65,14,4,140.2,150,Yes
65,15,24,43.0,150,Yes
65,16,28,90.8,150,Yes
65,17,15,59.9,150,Yes
65,18,8,116.2,150,Yes
65,19,31,65.4,150,Yes
65,20,22,66.6,150,Yes
65,21,33,228.1,150,No
65,22,32,51.4,150,Yes
65,23,16,104.0,150,Yes
65,24,15,43.0,150,Yes
65,25,18,206.6,150,No
65,26,35,36.1,150,Yes
65,27,35,64.4,150,Yes
65,28,16,90.8,150,Yes
65,29,30,155.0,150,No
65,30,29,155.0,150,No
65,31,19,65.4,150,Yes
65,32,22,51.4,150,Yes
65,33,12,102.9,150,Yes
65,34,32,56.1,150,Yes
65,35,26,36.1,150,Yes
66,0,1,204.0,150,No
66,1,0,204.0,150,No
66,2,7,170.1,150,No
66,3,8,108.6,150,Yes
66,4,7,179.6,150,No
66,5,10,182.2,150,No
66,6,17,119.2,150,Yes
66,7,2,170.1,150,No
66,8,3,108.6,150,Yes
66,9,10,166.7,150,No
66,10,9,166.7,150,No
66,11,21,98.0,150,Yes
66,12,32,104.2,150,Yes
66,13,8,117.2,150,Yes
66,14,24,41.3,150,Yes
66,15,3,138.9,150,Yes
66,16,14,58.7,150,Yes
66,17,6,119.2,150,Yes
66,18,25,86.3,150,Yes
66,19,29,215.1,150,No
66,20,18,99.5,150,Yes
66,21,22,66.6,150,Yes
66,22,31,50.2,150,Yes
66,23,32,228.2,150,No
66,24,14,41.3,150,Yes
66,25,18,86.3,150,Yes
66,26,17,206.7,150,No
66,27,28,93.1,150,Yes
66,28,27,93.1,150,Yes
66,29,33,157.0,150,No
66,30,0,282.1,150,No
66,31,22,50.2,150,Yes
66,32,12,104.2,150,Yes
66,33,29,157.0,150,No
66,34,31,57.5,150,Yes
67,0,1,201.7,150,No
67,1,0,201.7,150,No
67,2,7,166.4,150,No
67,3,10,185.3,150,No
67,4,9,109.5,150,Yes
67,5,7,181.6,150,No
67,6,17,120.0,150,Yes
67,7,2,166.4,150,No
67,8,10,162.9,150,No
67,9,4,109.5,150,Yes
67,10,8,162.9,150,No
67,11,4,137.6,150,Yes
67,12,9,110.1,150,Yes
67,13,34,105.1,150,Yes
67,14,26,42.1,150,Yes
67,15,24,98.4,150,Yes
67,16,20,97.8,150,Yes
67,17,6,120.0,150,Yes
67,18,25,213.0,150,No
67,19,14,59.8,150,Yes
67,20,16,97.8,150,Yes
67,21,0,283.2,150,No
67,22,34,228.2,150,No
67,23,30,46.9,150,Yes
67,24,23,67.5,150,Yes
67,25,32,160.0,150,No
67,26,14,42.1,150,Yes
67,27,29,94.4,150,Yes
67,28,17,205.2,150,No
67,29,27,94.4,150,Yes
67,30,23,46.9,150,Yes
67,31,2,192.0,150,No
67,32,25,160.0,150,No
67,33,30,60.7,150,Yes
67,34,13,105.1,150,Yes
67,35,16,101.5,150,Yes
68,0,2,202.3,150,No
68,1,9,156.5,150,No
68,2,0,202.3,150,No
68,3,8,157.5,150,No
68,4,10,112.8,150,Yes
68,5,15,127.7,150,Yes
68,6,10,113.0,150,Yes
68,7,21,183.5,150,No
68,8,3,157.5,150,No
68,9,1,156.5,150,No
68,10,4,112.8,150,Yes
68,11,8,183.0,150,No
68,12,4,133.0,150,Yes
68,13,19,60.2,150,Yes
68,14,15,129.8,150,Yes
68,15,5,127.7,150,Yes
68,16,22,100.2,150,Yes
68,17,0,281.5,150,No
68,18,3,192.2,150,No
68,19,13,60.2,150,Yes
68,20,15,196.1,150,No
68,21,24,102.9,150,Yes
68,22,26,66.6,150,Yes
68,23,25,214.3,150,No
68,24,21,102.9,150,Yes
68,25,23,214.3,150,No
68,26,29,46.9,150,Yes
68,27,31,256.0,150,No
68,28,31,94.2,150,Yes
68,29,26,46.9,150,Yes
68,30,29,64.1,150,Yes
68,31,28,94.2,150,Yes
69,0,1,203.2,150,No
69,1,0,203.2,150,No
69,2,8,157.5,150,No
69,3,5,185.2,150,No
69,4,5,152.9,150,No
69,5,4,152.9,150,No
69,6,14,127.1,150,Yes
69,7,10,113.8,150,Yes
69,8,2,157.5,150,No
69,9,24,180.4,150,No
69,10,11,113.0,150,Yes
69,11,10,113.0,150,Yes
69,12,7,135.0,150,Yes
69,13,21,100.2,150,Yes
69,14,6,127.1,150,Yes
69,15,14,128.7,150,Yes
69,16,19,60.0,150,Yes
69,17,5,187.7,150,No
69,18,0,282.2,150,No
69,19,16,60.0,150,Yes
69,20,27,192.4,150,No
69,21,25,67.6,150,Yes
69,22,24,104.4,150,Yes
69,23,14,195.4,150,No
69,24,30,87.7,150,Yes
69,25,28,46.0,150,Yes
69,26,33,259.0,150,No
69,27,29,31.1,150,Yes
69,28,25,46.0,150,Yes
69,29,27,31.1,150,Yes
69,30,24,87.7,150,Yes
69,31,33,92.1,150,Yes
69,32,28,64.9,150,Yes
69,33,31,92.1,150,Yes
70,0,9,202.1,150,No
70,1,3,163.4,150,No
70,2,17,124.3,150,Yes
70,3,1,163.4,150,No
70,4,23,181.1,150,No
70,5,14,114.3,150,Yes
70,6,10,149.3,150,Yes
70,7,14,110.0,150,Yes
70,8,6,188.8,150,No
70,9,0,202.1,150,No
70,10,6,149.3,150,Yes
70,11,5,135.4,150,Yes
70,12,6,185.2,150,No
70,13,30,116.1,150,Yes
70,14,7,110.0,150,Yes
70,15,0,280.7,150,No
70,16,18,57.9,150,Yes
70,17,2,124.3,150,Yes
70,18,16,57.9,150,Yes
70,19,23,106.9,150,Yes
70,20,22,207.9,150,No
70,21,26,96.7,150,Yes
70,22,20,207.9,150,No
70,23,29,86.5,150,Yes
70,24,13,194.3,150,No
70,25,30,227.2,150,No
70,26,27,67.5,150,Yes
70,27,31,44.9,150,Yes
70,28,19,119.2,150,Yes
70,29,23,86.5,150,Yes
70,30,13,116.1,150,Yes
70,31,27,44.9,150,Yes
71,0,6,203.0,150,No
71,1,12,171.3,150,No
71,2,11,142.7,150,Yes
71,3,17,122.7,150,Yes
71,4,13,114.8,150,Yes
71,5,32,149.5,150,Yes
71,6,0,203.0,150,No
71,7,2,194.3,150,No
71,8,13,111.0,150,Yes
71,9,0,277.4,150,No
71,10,4,135.6,150,Yes
71,11,2,142.7,150,Yes
71,12,32,41.9,150,Yes
71,13,8,111.0,150,Yes
71,14,33,31.6,150,Yes
71,15,2,181.4,150,No
71,16,30,117.5,150,Yes
71,17,3,122.7,150,Yes
71,18,28,81.9,150,Yes
71,19,16,191.8,150,No
71,20,18,107.5,150,Yes
71,21,14,57.9,150,Yes
71,22,24,97.6,150,Yes
71,23,25,209.3,150,No
71,24,27,67.5,150,Yes
71,25,23,209.3,150,No
71,26,30,227.2,150,No
71,27,24,67.5,150,Yes
71,28,18,81.9,150,Yes
71,29,28,117.1,150,Yes
71,30,16,117.5,150,Yes
71,31,20,119.2,150,Yes
71,32,12,41.9,150,Yes
71,33,14,31.6,150,Yes
72,0,6,176.9,150,No
72,1,21,202.0,150,No
72,2,19,119.9,150,Yes
72,3,14,114.8,150,Yes
72,4,14,111.0,150,Yes
72,5,8,138.6,150,Yes
72,6,0,176.9,150,No
72,7,20,173.2,150,No
72,8,5,138.6,150,Yes
72,9,5,199.6,150,No
72,10,1,271.8,150,No
72,11,5,178.8,150,No
72,12,3,135.0,150,Yes
72,13,34,120.9,150,Yes
72,14,4,111.0,150,Yes
72,15,32,38.6,150,Yes
72,16,24,96.0,150,Yes
72,17,33,67.1,150,Yes
72,18,20,107.5,150,Yes
72,19,2,119.9,150,Yes
72,20,30,80.2,150,Yes
72,21,1,202.0,150,No
72,22,15,57.9,150,Yes
72,23,13,189.6,150,No
72,24,28,66.5,150,Yes
72,25,34,227.3,150,No
72,26,18,124.7,150,Yes
72,27,31,94.0,150,Yes
72,28,35,45.5,150,Yes
72,29,33,167.8,150,No
72,30,20,80.2,150,Yes
72,31,27,94.0,150,Yes
72,32,15,38.6,150,Yes
72,33,17,67.1,150,Yes
72,34,13,120.9,150,Yes
72,35,28,45.5,150,Yes
73,0,20,188.1,150,No
73,1,7,116.5,150,Yes
73,2,21,117.6,150,Yes
73,3,6,187.8,150,No
73,4,18,169.0,150,No
73,5,15,130.1,150,Yes
73,6,3,187.8,150,No
73,7,14,111.0,150,Yes
73,8,15,210.3,150,No
73,9,0,276.3,150,No
73,10,1,133.7,150,Yes
73,11,15,175.8,150,No
73,12,18,105.3,150,Yes
73,13,5,358.6,150,No
73,14,7,111.0,150,Yes
73,15,5,130.1,150,Yes
73,16,32,68.2,150,Yes
73,17,34,122.7,150,Yes
73,18,31,78.4,150,Yes
73,19,29,43.0,150,Yes
73,20,0,188.1,150,No
73,21,2,117.6,150,Yes
73,22,19,56.9,150,Yes
73,23,25,92.0,150,Yes
73,24,17,187.7,150,No
73,25,33,65.5,150,Yes
73,26,12,122.6,150,Yes
73,27,36,198.9,150,No
73,28,30,91.0,150,Yes
73,29,19,43.0,150,Yes
73,30,28,91.0,150,Yes
73,31,18,78.4,150,Yes
73,32,16,68.2,150,Yes
73,33,35,48.4,150,Yes
73,34,36,39.7,150,Yes
73,35,33,48.4,150,Yes
73,36,34,39.7,150,Yes
74,0,3,187.4,150,No
74,1,23,180.1,150,No
74,2,22,115.4,150,Yes
74,3,0,187.4,150,No
74,4,8,119.9,150,Yes
74,5,15,217.6,150,No
74,6,15,122.7,150,Yes
74,7,18,167.2,150,No
74,8,11,116.0,150,Yes
74,9,1,279.1,150,No
74,10,4,130.2,150,Yes
74,11,8,116.0,150,Yes
74,12,15,171.1,150,No
74,13,29,125.2,150,Yes
74,14,6,366.6,150,No
74,15,6,122.7,150,Yes
74,16,18,102.2,150,Yes
74,17,30,45.3,150,Yes
74,18,32,76.2,150,Yes
74,19,25,69.9,150,Yes
74,20,17,56.9,150,Yes
74,21,26,91.7,150,Yes
74,22,2,115.4,150,Yes
74,23,1,180.1,150,No
74,24,13,184.2,150,No
74,25,19,69.9,150,Yes
74,26,35,65.5,150,Yes
74,27,16,124.1,150,Yes
74,28,34,199.1,150,No
74,29,34,40.0,150,Yes
74,30,17,45.3,150,Yes
74,31,36,33.1,150,Yes
74,32,18,76.2,150,Yes
74,33,36,67.7,150,Yes
74,34,29,40.0,150,Yes
74,35,37,48.4,150,Yes
74,36,31,33.1,150,Yes
74,37,35,48.4,150,Yes
75,0,4,184.4,150,No
75,1,9,279.6,150,No
75,2,8,123.0,150,Yes
75,3,14,117.4,150,Yes
75,4,0,184.4,150,No
75,5,19,113.2,150,Yes
75,6,14,223.4,150,No
75,7,14,167.5,150,No
75,8,12,117.0,150,Yes
75,9,1,279.6,150,No
75,10,22,163.2,150,No
75,11,2,129.8,150,Yes
75,12,8,117.0,150,Yes
75,13,29,124.6,150,Yes
75,14,3,117.4,150,Yes
75,15,23,46.5,150,Yes
75,16,3,368.6,150,No
75,17,27,88.9,150,Yes
75,18,22,100.9,150,Yes
75,19,5,113.2,150,Yes
75,20,15,55.2,150,Yes
75,21,13,183.3,150,No
75,22,25,77.3,150,Yes
75,23,15,46.5,150,Yes
75,24,9,433.6,150,No
75,25,22,77.3,150,Yes
75,26,18,123.5,150,Yes
75,27,33,65.5,150,Yes
75,28,34,200.3,150,No
75,29,34,40.5,150,Yes
75,30,35,33.1,150,Yes
75,31,33,117.0,150,Yes
75,32,35,66.9,150,Yes
75,33,27,65.5,150,Yes
75,34,29,40.5,150,Yes
75,35,30,33.1,150,Yes
76,0,3,181.5,150,No
76,1,14,226.8,150,No
76,2,10,281.2,150,No
76,3,0,181.5,150,No
76,4,19,111.8,150,Yes
76,5,14,108.9,150,Yes
76,6,18,160.6,150,No
76,7,14,163.5,150,No
76,8,12,119.0,150,Yes
76,9,12,125.2,150,Yes
76,10,2,281.2,150,No
76,11,9,125.7,150,Yes
76,12,8,119.0,150,Yes
76,13,24,72.5,150,Yes
76,14,5,108.9,150,Yes
76,15,30,126.2,150,Yes
76,16,28,45.3,150,Yes
76,17,5,371.7,150,No
76,18,26,76.1,150,Yes
76,19,4,111.8,150,Yes
76,20,18,103.5,150,Yes
76,21,15,180.1,150,No
76,22,16,56.5,150,Yes
76,23,27,90.1,150,Yes
76,24,13,72.5,150,Yes
76,25,20,124.3,150,Yes
76,26,18,76.1,150,Yes
76,27,35,65.5,150,Yes
76,28,16,45.3,150,Yes
76,29,34,200.4,150,No
76,30,34,40.8,150,Yes
76,31,37,68.2,150,Yes
76,32,37,31.4,150,Yes
76,33,24,141.2,150,Yes
76,34,30,40.8,150,Yes
76,35,38,47.5,150,Yes
76,36,38,70.9,150,Yes
76,37,32,31.4,150,Yes
76,38,35,47.5,150,Yes
77,0,1,177.6,150,No
77,1,0,177.6,150,No
77,2,12,280.6,150,No
77,3,10,233.6,150,No
77,4,10,99.3,150,Yes
77,5,18,114.0,150,Yes
77,6,10,157.4,150,No
77,7,23,160.1,150,No
77,8,17,121.0,150,Yes
77,9,17,125.3,150,Yes
77,10,4,99.3,150,Yes
77,11,9,126.6,150,Yes
77,12,2,280.6,150,No
77,13,4,372.0,150,No
77,14,29,129.1,150,Yes
77,15,21,72.9,150,Yes
77,16,27,45.7,150,Yes
77,17,8,121.0,150,Yes
77,18,5,114.0,150,Yes
77,19,23,104.8,150,Yes
77,20,25,87.6,150,Yes
77,21,15,72.9,150,Yes
77,22,16,57.4,150,Yes
77,23,26,75.1,150,Yes
77,24,14,177.6,150,No
77,25,32,65.4,150,Yes
77,26,23,75.1,150,Yes
77,27,16,45.7,150,Yes
77,28,36,201.4,150,No
77,29,36,38.5,150,Yes
77,30,19,123.9,150,Yes
77,31,37,72.9,150,Yes
77,32,37,47.2,150,Yes
77,33,38,67.7,150,Yes
77,34,21,140.4,150,Yes
77,35,38,31.4,150,Yes
77,36,29,38.5,150,Yes
77,37,32,47.2,150,Yes
77,38,35,31.4,150,Yes
78,0,5,91.0,150,Yes
78,1,2,171.5,150,No
78,2,1,171.5,150,No
78,3,13,283.6,150,No
78,4,0,148.4,150,Yes
78,5,0,91.0,150,Yes
78,6,12,118.1,150,Yes
78,7,24,162.1,150,No
78,8,21,123.0,150,Yes
78,9,5,242.4,150,No
78,10,17,120.0,150,Yes
78,11,5,370.5,150,No
78,12,6,118.1,150,Yes
78,13,3,283.6,150,No
78,14,17,138.1,150,Yes
78,15,29,44.7,150,Yes
78,16,26,88.6,150,Yes
78,17,10,120.0,150,Yes
78,18,14,171.6,150,No
78,19,22,76.5,150,Yes
78,20,24,108.1,150,Yes
78,21,6,121.2,150,Yes
78,22,19,76.5,150,Yes
78,23,15,56.5,150,Yes
78,24,25,74.5,150,Yes
78,25,24,74.5,150,Yes
78,26,33,65.4,150,Yes
78,27,14,138.5,150,Yes
78,28,27,236.3,150,No
78,29,15,44.7,150,Yes
78,30,20,124.3,150,Yes
78,31,32,84.1,150,Yes
78,32,31,84.1,150,Yes
78,33,26,65.4,150,Yes
78,34,33,120.4,150,Yes
79,0,1,144.4,150,Yes
79,1,5,89.4,150,Yes
79,2,12,115.9,150,Yes
79,3,4,168.4,150,No
79,4,3,168.4,150,No
79,5,1,89.4,150,Yes
79,6,31,164.9,150,No
79,7,13,123.1,150,Yes
79,8,23,163.0,150,No
79,9,16,124.1,150,Yes
79,10,5,242.6,150,No
79,11,5,368.3,150,No
79,12,2,115.9,150,Yes
79,13,2,122.2,150,Yes
79,14,34,41.1,150,Yes
79,15,16,135.3,150,Yes
79,16,9,124.1,150,Yes
79,17,24,75.6,150,Yes
79,18,23,107.5,150,Yes
79,19,27,87.1,150,Yes
79,20,6,285.7,150,No
79,21,15,164.8,150,No
79,22,14,58.3,150,Yes
79,23,26,74.0,150,Yes
79,24,17,75.6,150,Yes
79,25,32,85.2,150,Yes
79,26,23,74.0,150,Yes
79,27,33,66.4,150,Yes
79,28,18,124.8,150,Yes
79,29,15,141.2,150,Yes
79,30,29,237.4,150,No
79,31,6,164.9,150,No
79,32,25,85.2,150,Yes
79,33,27,66.4,150,Yes
79,34,14,41.1,150,Yes
80,0,2,137.9,150,Yes
80,1,2,90.1,150,Yes
80,2,1,90.1,150,Yes
80,3,1,243.8,150,No
80,4,18,117.7,150,Yes
80,5,21,163.0,150,No
80,6,10,164.5,150,No
80,7,17,126.4,150,Yes
80,8,34,161.4,150,No
80,9,11,121.1,150,Yes
80,10,6,164.5,150,No
80,11,9,121.1,150,Yes
80,12,8,292.3,150,No
80,13,1,366.1,150,No
80,14,17,132.0,150,Yes
80,15,31,42.2,150,Yes
80,16,24,77.4,150,Yes
80,17,7,126.4,150,Yes
80,18,4,117.7,150,Yes
80,19,21,111.1,150,Yes
80,20,15,57.8,150,Yes
80,21,25,72.4,150,Yes
80,22,26,87.1,150,Yes
80,23,14,157.0,150,No
80,24,16,77.4,150,Yes
80,25,21,72.4,150,Yes
80,26,30,65.4,150,Yes
80,27,28,237.5,150,No
80,28,14,147.0,150,Yes
80,29,36,86.0,150,Yes
80,30,26,65.4,150,Yes
80,31,15,42.2,150,Yes
80,32,30,122.6,150,Yes
80,33,16,131.5,150,Yes
80,34,8,161.4,150,No
80,35,19,124.8,150,Yes
80,36,29,86.0,150,Yes
81,0,3,133.8,150,Yes
81,1,4,161.2,150,No
81,2,5,242.1,150,No
81,3,5,90.5,150,Yes
81,4,1,161.2,150,No
81,5,3,90.5,150,Yes
81,6,17,117.4,150,Yes
81,7,20,161.4,150,No
81,8,16,129.3,150,Yes
81,9,10,119.2,150,Yes
81,10,9,119.2,150,Yes
81,11,25,162.9,150,No
81,12,11,290.7,150,No
81,13,16,130.1,150,Yes
81,14,5,364.7,150,No
81,15,32,42.5,150,Yes
81,16,8,129.3,150,Yes
81,17,6,117.4,150,Yes
81,18,23,77.9,150,Yes
81,19,20,112.0,150,Yes
81,20,29,74.0,150,Yes
81,21,15,57.4,150,Yes
81,22,26,84.9,150,Yes
81,23,18,77.9,150,Yes
81,24,13,151.6,150,No
81,25,11,162.9,150,No
81,26,33,64.4,150,Yes
81,27,28,237.7,150,No
81,28,13,150.9,150,No
81,29,20,74.0,150,Yes
81,30,33,123.4,150,Yes
81,31,34,87.0,150,Yes
81,32,15,42.5,150,Yes
81,33,26,64.4,150,Yes
81,34,31,87.0,150,Yes
81,35,18,119.6,150,Yes
82,0,4,131.5,150,Yes
82,1,2,162.1,150,No
82,2,1,162.1,150,No
82,3,6,240.4,150,No
82,4,6,91.8,150,Yes
82,5,12,116.2,150,Yes
82,6,4,91.8,150,Yes
82,7,15,130.7,150,Yes
82,8,24,158.5,150,No
82,9,5,118.6,150,Yes
82,10,22,161.2,150,No
82,11,8,292.5,150,No
82,12,5,116.2,150,Yes
82,13,15,130.1,150,Yes
82,14,6,362.4,150,No
82,15,13,130.1,150,Yes
82,16,31,42.5,150,Yes
82,17,22,113.8,150,Yes
82,18,9,119.6,150,Yes
82,19,16,57.4,150,Yes
82,20,27,83.7,150,Yes
82,21,23,81.3,150,Yes
82,22,26,72.7,150,Yes
82,23,21,81.3,150,Yes
82,24,8,158.5,150,No
82,25,13,147.1,150,Yes
82,26,22,72.7,150,Yes
82,27,33,64.4,150,Yes
82,28,17,122.6,150,Yes
82,29,13,152.6,150,No
82,30,29,238.6,150,No
82,31,16,42.5,150,Yes
82,32,34,89.0,150,Yes
82,33,27,64.4,150,Yes
82,34,32,89.0,150,Yes
82,35,21,115.8,150,Yes
83,0,13,134.2,150,Yes
83,1,6,178.5,150,No
83,2,3,244.5,150,No
83,3,13,92.1,150,Yes
83,4,15,160.6,150,No
83,5,19,129.7,150,Yes
83,6,1,178.5,150,No
83,7,11,115.1,150,Yes
83,8,4,290.7,150,No
83,9,3,355.7,150,No
83,10,7,120.2,150,Yes
83,11,7,115.1,150,Yes
83,12,19,130.6,150,Yes
83,13,3,92.1,150,Yes
83,14,23,169.1,150,No
83,15,4,160.6,150,No
83,16,34,81.5,150,Yes
83,17,28,82.8,150,Yes
83,18,32,41.8,150,Yes
83,19,5,129.7,150,Yes
83,20,10,121.8,150,Yes
83,21,23,116.3,150,Yes
83,22,18,58.3,150,Yes
83,23,25,63.9,150,Yes
83,24,12,142.8,150,Yes
83,25,23,63.9,150,Yes
83,26,30,236.8,150,No
83,27,33,87.3,150,Yes
83,28,31,63.3,150,Yes
83,29,21,124.3,150,Yes
83,30,12,157.9,150,No
83,31,28,63.3,150,Yes
83,32,18,41.8,150,Yes
83,33,27,87.3,150,Yes
83,34,16,81.5,150,Yes
84,0,16,160.9,150,No
84,1,10,133.2,150,Yes
84,2,15,116.1,150,Yes
84,3,5,186.5,150,No
84,4,20,127.5,150,Yes
84,5,3,186.5,150,No
84,6,2,120.1,150,Yes
84,7,9,244.5,150,No
84,8,9,355.2,150,No
84,9,10,92.1,150,Yes
84,10,9,92.1,150,Yes
84,11,0,284.7,150,No
84,12,24,169.7,150,No
84,13,20,132.5,150,Yes
84,14,26,84.1,150,Yes
84,15,2,116.1,150,Yes
84,16,0,160.9,150,No
84,17,6,122.4,150,Yes
84,18,34,41.8,150,Yes
84,19,29,82.0,150,Yes
84,20,4,127.5,150,Yes
84,21,24,116.7,150,Yes
84,22,18,57.4,150,Yes
84,23,13,141.9,150,Yes
84,24,25,62.3,150,Yes
84,25,24,62.3,150,Yes
84,26,14,84.1,150,Yes
84,27,32,236.7,150,No
84,28,31,88.7,150,Yes
84,29,30,63.3,150,Yes
84,30,35,50.4,150,Yes
84,31,28,88.7,150,Yes
84,32,13,157.9,150,No
84,33,21,123.9,150,Yes
84,34,18,41.8,150,Yes
84,35,30,50.4,150,Yes
85,0,2,189.3,150,No
85,1,17,155.4,150,No
85,2,0,189.3,150,No
85,3,12,245.0,150,No
85,4,11,116.1,150,Yes
85,5,12,94.9,150,Yes
85,6,25,168.2,150,No
85,7,24,126.8,150,Yes
85,8,1,284.9,150,No
85,9,12,351.6,150,No
85,10,4,120.0,150,Yes
85,11,4,116.1,150,Yes
85,12,5,94.9,150,Yes
85,13,24,134.6,150,Yes
85,14,23,87.0,150,Yes
85,15,5,133.2,150,Yes
85,16,10,122.4,150,Yes
85,17,1,155.4,150,No
85,18,35,41.1,150,Yes
85,19,31,82.7,150,Yes
85,20,25,116.3,150,Yes
85,21,13,141.0,150,Yes
85,22,18,57.4,150,Yes
85,23,14,87.0,150,Yes
85,24,7,126.8,150,Yes
85,25,32,61.7,150,Yes
85,26,29,87.8,150,Yes
85,27,28,237.7,150,No
85,28,13,157.7,150,No
85,29,26,87.8,150,Yes
85,30,34,52.5,150,Yes
85,31,30,64.4,150,Yes
85,32,25,61.7,150,Yes
85,33,20,123.4,150,Yes
85,34,30,52.5,150,Yes
85,35,18,41.1,150,Yes
86,0,1,186.2,150,No
86,1,0,186.2,150,No
86,2,25,153.7,150,No
86,3,10,96.6,150,Yes
86,4,3,133.4,150,Yes
86,5,10,247.2,150,No
86,6,24,123.9,150,Yes
86,7,23,166.0,150,No
86,8,15,120.0,150,Yes
86,9,2,284.8,150,No
86,10,3,96.6,150,Yes
86,11,15,118.0,150,Yes
86,12,10,349.3,150,No
86,13,24,138.8,150,Yes
86,14,18,91.4,150,Yes
86,15,11,118.0,150,Yes
86,16,8,123.3,150,Yes
86,17,35,43.3,150,Yes
86,18,14,91.4,150,Yes
86,19,17,57.4,150,Yes
86,20,13,142.4,150,Yes
86,21,28,82.4,150,Yes
86,22,23,116.7,150,Yes
86,23,32,62.9,150,Yes
86,24,6,123.9,150,Yes
86,25,2,153.7,150,No
86,26,34,87.0,150,Yes
86,27,30,238.8,150,No
86,28,31,64.4,150,Yes
86,29,22,124.3,150,Yes
86,30,13,158.5,150,No
86,31,33,53.5,150,Yes
86,32,23,62.9,150,Yes
86,33,31,53.5,150,Yes
86,34,26,87.0,150,Yes
86,35,17,43.3,150,Yes
87,0,28,153.1,150,No
87,1,3,183.3,150,No
87,2,0,280.7,150,No
87,3,1,183.3,150,No
87,4,10,99.0,150,Yes
87,5,4,135.2,150,Yes
87,6,22,164.8,150,No
87,7,10,245.0,150,No
87,8,23,121.7,150,Yes
87,9,16,120.1,150,Yes
87,10,4,99.0,150,Yes
87,11,24,139.8,150,Yes
87,12,10,352.4,150,No
87,13,16,120.0,150,Yes
87,14,19,94.1,150,Yes
87,15,9,121.1,150,Yes
87,16,13,120.0,150,Yes
87,17,35,40.8,150,Yes
87,18,22,116.7,150,Yes
87,19,14,94.1,150,Yes
87,20,17,58.3,150,Yes
87,21,27,83.3,150,Yes
87,22,34,62.9,150,Yes
87,23,8,121.7,150,Yes
87,24,11,139.8,150,Yes
87,25,31,239.0,150,No
87,26,33,87.7,150,Yes
87,27,30,64.4,150,Yes
87,28,0,153.1,150,No
87,29,30,53.2,150,Yes
87,30,29,53.2,150,Yes
87,31,11,161.4,150,No
87,32,18,122.1,150,Yes
87,33,26,87.7,150,Yes
87,34,22,62.9,150,Yes
87,35,17,40.8,150,Yes
88,0,24,148.9,150,Yes
88,1,3,176.4,150,No
88,2,0,283.6,150,No
88,3,1,176.4,150,No
88,4,8,133.7,150,Yes
88,5,16,164.8,150,No
88,6,11,238.2,150,No
88,7,25,118.2,150,Yes
88,8,11,116.8,150,Yes
88,9,18,116.7,150,Yes
88,10,21,134.8,150,Yes
88,11,8,116.8,150,Yes
88,12,14,120.0,150,Yes
88,13,11,356.6,150,No
88,14,12,120.0,150,Yes
88,15,23,101.9,150,Yes
88,16,34,54.7,150,Yes
88,17,16,119.4,150,Yes
88,18,9,116.7,150,Yes
88,19,35,43.0,150,Yes
88,20,19,57.8,150,Yes
88,21,10,134.8,150,Yes
88,22,28,85.1,150,Yes
88,23,15,101.9,150,Yes
88,24,0,148.9,150,Yes
88,25,7,118.2,150,Yes
88,26,33,54.0,150,Yes
88,27,30,87.7,150,Yes
88,28,33,64.4,150,Yes
88,29,37,81.0,150,Yes
88,30,27,87.7,150,Yes
88,31,17,123.3,150,Yes
88,32,10,166.4,150,No
88,33,26,54.0,150,Yes
88,34,16,54.7,150,Yes
88,35,19,43.0,150,Yes
88,36,26,91.7,150,Yes
88,37,29,81.0,150,Yes
89,0,4,286.2,150,No
89,1,8,175.4,150,No
89,2,3,129.5,150,Yes
89,3,2,129.5,150,Yes
89,4,28,144.2,150,Yes
89,5,19,163.0,150,No
89,6,9,235.1,150,No
89,7,22,119.9,150,Yes
89,8,1,175.4,150,No
89,9,3,130.4,150,Yes
89,10,9,359.0,150,No
89,11,18,114.8,150,Yes
89,12,14,119.0,150,Yes
89,13,24,132.6,150,Yes
89,14,12,119.0,150,Yes
89,15,20,103.4,150,Yes
89,16,19,121.6,150,Yes
89,17,33,43.3,150,Yes
89,18,11,114.8,150,Yes
89,19,35,54.6,150,Yes
89,20,15,103.4,150,Yes
89,21,17,57.4,150,Yes
89,22,7,119.9,150,Yes
89,23,30,85.1,150,Yes
89,24,13,132.6,150,Yes
89,25,31,87.0,150,Yes
89,26,32,54.2,150,Yes
89,27,13,170.3,150,No
89,28,4,144.2,150,Yes
89,29,36,80.2,150,Yes
89,30,32,65.4,150,Yes
89,31,25,87.0,150,Yes
89,32,26,54.2,150,Yes
89,33,17,43.3,150,Yes
89,34,16,124.9,150,Yes
89,35,19,54.6,150,Yes
89,36,29,80.2,150,Yes
90,0,1,290.2,150,No
90,1,27,136.0,150,Yes
90,2,20,161.5,150,No
90,3,10,173.5,150,No
90,4,5,128.9,150,Yes
90,5,4,128.9,150,Yes
90,6,8,231.9,150,No
90,7,24,122.9,150,Yes
90,8,4,138.9,150,Yes
90,9,8,360.3,150,No
90,10,3,173.5,150,No
90,11,13,121.1,150,Yes
90,12,19,112.6,150,Yes
90,13,11,121.1,150,Yes
90,14,29,127.3,150,Yes
90,15,18,105.6,150,Yes
90,16,20,123.4,150,Yes
90,17,34,44.9,150,Yes
90,18,15,105.6,150,Yes
90,19,12,112.6,150,Yes
90,20,35,59.1,150,Yes
90,21,32,85.6,150,Yes
90,22,17,56.5,150,Yes
90,23,30,85.1,150,Yes
90,24,7,122.9,150,Yes
90,25,33,54.3,150,Yes
90,26,16,123.5,150,Yes
90,27,1,136.0,150,Yes
90,28,36,81.6,150,Yes
90,29,14,127.3,150,Yes
90,30,33,65.3,150,Yes
90,31,36,173.3,150,No
90,32,21,85.6,150,Yes
90,33,25,54.3,150,Yes
90,34,17,44.9,150,Yes
90,35,20,59.1,150,Yes
90,36,28,81.6,150,Yes
91,0,2,291.6,150,No
91,1,3,129.1,150,Yes
91,2,27,132.0,150,Yes
91,3,1,129.1,150,Yes
91,4,7,170.5,150,No
91,5,18,162.4,150,No
91,6,9,230.7,150,No
91,7,4,170.5,150,No
91,8,11,121.1,150,Yes
91,9,1,145.4,150,Yes
91,10,19,123.8,150,Yes
91,11,8,121.1,150,Yes
91,12,20,108.5,150,Yes
91,13,9,362.6,150,No
91,14,21,107.1,150,Yes
91,15,25,122.6,150,Yes
91,16,24,122.1,150,Yes
91,17,30,87.1,150,Yes
91,18,34,60.5,150,Yes
91,19,10,123.8,150,Yes
91,20,12,108.5,150,Yes
91,21,14,107.1,150,Yes
91,22,32,46.6,150,Yes
91,23,22,55.5,150,Yes
91,24,16,122.1,150,Yes
91,25,15,122.6,150,Yes
91,26,31,87.0,150,Yes
91,27,2,132.0,150,Yes
91,28,35,82.4,150,Yes
91,29,33,54.6,150,Yes
91,30,33,65.3,150,Yes
91,31,26,87.0,150,Yes
91,32,22,46.6,150,Yes
91,33,29,54.6,150,Yes
91,34,18,60.5,150,Yes
91,35,28,82.4,150,Yes
91,36,35,172.2,150,No
92,0,4,130.5,150,Yes
92,1,8,298.5,150,No
92,2,0,151.2,150,No
92,3,10,166.7,150,No
92,4,0,130.5,150,Yes
92,5,9,227.7,150,No
92,6,2,363.5,150,No
92,7,13,122.1,150,Yes
92,8,1,298.5,150,No
92,9,23,126.0,150,Yes
92,10,3,166.7,150,No
92,11,18,164.8,150,No
92,12,19,104.7,150,Yes
92,13,7,122.1,150,Yes
92,14,20,119.0,150,Yes
92,15,17,107.8,150,Yes
92,16,25,123.0,150,Yes
92,17,33,85.0,150,Yes
92,18,16,126.1,150,Yes
92,19,12,104.7,150,Yes
92,20,14,119.0,150,Yes
92,21,30,46.0,150,Yes
92,22,29,87.1,150,Yes
92,23,9,126.0,150,Yes
92,24,21,56.1,150,Yes
92,25,16,123.0,150,Yes
92,26,31,53.9,150,Yes
92,27,28,282.5,150,No
92,28,32,87.7,150,Yes
92,29,31,65.3,150,Yes
92,30,21,46.0,150,Yes
92,31,26,53.9,150,Yes
92,32,28,87.7,150,Yes
92,33,17,85.0,150,Yes
92,34,26,105.2,150,Yes
93,0,8,163.9,150,No
93,1,5,308.7,150,No
93,2,4,135.8,150,Yes
93,3,6,221.7,150,No
93,4,2,135.8,150,Yes
93,5,1,308.7,150,No
93,6,17,131.6,150,Yes
93,7,13,123.3,150,Yes
93,8,0,163.9,150,No
93,9,10,363.8,150,No
93,10,4,160.3,150,No
93,11,18,169.6,150,No
93,12,21,105.9,150,Yes
93,13,7,123.3,150,Yes
93,14,20,113.7,150,Yes
93,15,23,107.0,150,Yes
93,16,32,122.9,150,Yes
93,17,6,131.6,150,Yes
93,18,35,57.3,150,Yes
93,19,30,48.3,150,Yes
93,20,25,76.7,150,Yes
93,21,12,105.9,150,Yes
93,22,19,55.5,150,Yes
93,23,15,107.0,150,Yes
93,24,33,55.9,150,Yes
93,25,20,76.7,150,Yes
93,26,31,87.0,150,Yes
93,27,29,283.7,150,No
93,28,24,106.8,150,Yes
93,29,34,87.7,150,Yes
93,30,19,48.3,150,Yes
93,31,33,64.5,150,Yes
93,32,16,122.9,150,Yes
93,33,24,55.9,150,Yes
93,34,29,87.7,150,Yes
93,35,18,57.3,150,Yes
94,0,6,165.7,150,No
94,1,5,219.4,150,No
94,2,3,138.1,150,Yes
94,3,2,138.1,150,Yes
94,4,7,308.5,150,No
94,5,16,132.4,150,Yes
94,6,0,165.7,150,No
94,7,34,120.1,150,Yes
94,8,13,121.3,150,Yes
94,9,18,168.7,150,No
94,10,3,163.6,150,No
94,11,10,363.4,150,No
94,12,19,105.9,150,Yes
94,13,8,121.3,150,Yes
94,14,29,114.6,150,Yes
94,15,35,55.0,150,Yes
94,16,5,132.4,150,Yes
94,17,20,105.1,150,Yes
94,18,23,122.0,150,Yes
94,19,12,105.9,150,Yes
94,20,17,105.1,150,Yes
94,21,33,43.4,150,Yes
94,22,31,56.1,150,Yes
94,23,18,122.0,150,Yes
94,24,21,56.9,150,Yes
94,25,27,284.8,150,No
94,26,30,89.1,150,Yes
94,27,32,88.4,150,Yes
94,28,29,74.8,150,Yes
94,29,28,74.8,150,Yes
94,30,31,63.5,150,Yes
94,31,22,56.1,150,Yes
94,32,27,88.4,150,Yes
94,33,21,43.4,150,Yes
94,34,7,120.1,150,Yes
94,35,15,55.0,150,Yes
95,0,6,215.1,150,No
95,1,5,172.6,150,No
95,2,4,144.2,150,Yes
95,3,7,305.5,150,No
95,4,2,144.2,150,Yes
95,5,1,172.6,150,No
95,6,20,133.5,150,Yes
95,7,3,305.5,150,No
95,8,4,167.0,150,No
95,9,19,108.2,150,Yes
95,10,15,167.1,150,No
95,11,13,120.4,150,Yes
95,12,8,363.4,150,No
95,13,11,120.4,150,Yes
95,14,21,116.8,150,Yes
95,15,22,122.0,150,Yes
95,16,18,102.2,150,Yes
95,17,15,123.7,150,Yes
95,18,16,102.2,150,Yes
95,19,9,108.2,150,Yes
95,20,6,133.5,150,Yes
95,21,23,72.2,150,Yes
95,22,15,122.0,150,Yes
95,23,21,72.2,150,Yes
95,24,33,44.1,150,Yes
95,25,30,56.3,150,Yes
95,26,28,284.9,150,No
95,27,31,88.1,150,Yes
95,28,34,48.3,150,Yes
95,29,24,55.0,150,Yes
95,30,25,56.3,150,Yes
95,31,30,63.5,150,Yes
95,32,34,76.3,150,Yes
95,33,24,44.1,150,Yes
95,34,28,48.3,150,Yes
96,0,4,174.6,150,No
96,1,5,211.5,150,No
96,2,3,149.3,150,Yes
96,3,2,149.3,150,Yes
96,4,0,174.6,150,No
96,5,23,127.9,150,Yes
96,6,7,304.6,150,No
96,7,6,304.6,150,No
96,8,18,110.7,150,Yes
96,9,15,167.7,150,No
96,10,11,119.4,150,Yes
96,11,10,119.4,150,Yes
96,12,3,170.1,150,No
96,13,12,361.6,150,No
96,14,29,116.8,150,Yes
96,15,24,121.5,150,Yes
96,16,19,99.9,150,Yes
96,17,15,126.6,150,Yes
96,18,8,110.7,150,Yes
96,19,16,99.9,150,Yes
96,20,29,72.0,150,Yes
96,21,33,43.0,150,Yes
96,22,30,55.3,150,Yes
96,23,5,127.9,150,Yes
96,24,15,121.5,150,Yes
96,25,31,89.3,150,Yes
96,26,21,56.5,150,Yes
96,27,34,47.5,150,Yes
96,28,27,286.0,150,No
96,29,20,72.0,150,Yes
96,30,22,55.3,150,Yes
96,31,30,63.5,150,Yes
96,32,34,79.4,150,Yes
96,33,21,43.0,150,Yes
96,34,27,47.5,150,Yes
97,0,4,153.4,150,No
97,1,5,206.5,150,No
97,2,3,172.4,150,No
97,3,2,172.4,150,No
97,4,0,153.4,150,No
97,5,17,121.2,150,Yes
97,6,8,300.0,150,No
97,7,22,166.9,150,No
97,8,6,300.0,150,No
97,9,20,110.7,150,Yes
97,10,4,174.6,150,No
97,11,14,119.4,150,Yes
97,12,10,363.5,150,No
97,13,23,118.8,150,Yes
97,14,11,119.4,150,Yes
97,15,18,98.5,150,Yes
97,16,22,125.4,150,Yes
97,17,5,121.2,150,Yes
97,18,15,98.5,150,Yes
97,19,23,69.8,150,Yes
97,20,9,110.7,150,Yes
97,21,32,43.3,150,Yes
97,22,27,120.4,150,Yes
97,23,19,69.8,150,Yes
97,24,21,55.9,150,Yes
97,25,28,56.3,150,Yes
97,26,33,89.9,150,Yes
97,27,22,120.4,150,Yes
97,28,25,56.3,150,Yes
97,29,28,63.5,150,Yes
97,30,26,286.1,150,No
97,31,29,89.6,150,Yes
97,32,21,43.3,150,Yes
97,33,26,89.9,150,Yes
98,0,3,164.0,150,No
98,1,4,164.4,150,No
98,2,5,198.7,150,No
98,3,0,164.0,150,No
98,4,1,164.4,150,No
98,5,19,117.2,150,Yes
98,6,28,119.1,150,Yes
98,7,16,166.5,150,No
98,8,6,308.1,150,No
98,9,21,108.5,150,Yes
98,10,13,118.3,150,Yes
98,11,3,184.1,150,No
98,12,3,362.0,150,No
98,13,10,118.3,150,Yes
98,14,22,123.8,150,Yes
98,15,17,99.1,150,Yes
98,16,25,120.4,150,Yes
98,17,15,99.1,150,Yes
98,18,33,43.0,150,Yes
98,19,5,117.2,150,Yes
98,20,16,126.9,150,Yes
98,21,9,108.5,150,Yes
98,22,27,64.9,150,Yes
98,23,18,56.9,150,Yes
98,24,34,87.2,150,Yes
98,25,16,120.4,150,Yes
98,26,30,88.0,150,Yes
98,27,22,64.9,150,Yes
98,28,6,119.1,150,Yes
98,29,24,289.3,150,No
98,30,32,62.5,150,Yes
98,31,32,58.5,150,Yes
98,32,31,58.5,150,Yes
98,33,18,43.0,150,Yes
98,34,24,87.2,150,Yes
99,0,4,159.3,150,No
99,1,2,169.9,150,No
99,2,1,169.9,150,No
99,3,9,310.6,150,No
99,4,0,159.3,150,No
99,5,6,195.3,150,No
99,6,15,113.8,150,Yes
99,7,1,358.0,150,No
99,8,1,190.8,150,No
99,9,3,310.6,150,No
99,10,16,164.9,150,No
99,11,13,124.3,150,Yes
99,12,21,108.8,150,Yes
99,13,11,124.3,150,Yes
99,14,25,130.6,150,Yes
99,15,6,113.8,150,Yes
99,16,23,120.7,150,Yes
99,17,19,97.0,150,Yes
99,18,33,42.4,150,Yes
99,19,17,97.0,150,Yes
99,20,30,88.0,150,Yes
99,21,12,108.8,150,Yes
99,22,18,57.4,150,Yes
99,23,16,120.7,150,Yes
99,24,32,88.0,150,Yes
99,25,29,62.2,150,Yes
99,26,16,126.8,150,Yes
99,27,31,59.7,150,Yes
99,28,24,289.3,150,No
99,29,25,62.2,150,Yes
99,30,31,62.4,150,Yes
99,31,27,59.7,150,Yes
99,32,24,88.0,150,Yes
99,33,18,42.4,150,Yes
100,0,5,314.1,150,No
100,1,9,155.2,150,No
100,2,3,189.3,150,No
100,3,15,114.4,150,Yes
100,4,13,358.1,150,No
100,5,22,311.9,150,No
100,6,13,176.7,150,No
100,7,19,162.6,150,No
100,8,11,126.2,150,Yes
100,9,1,155.2,150,No
100,10,23,106.3,150,Yes
100,11,8,126.2,150,Yes
100,12,13,200.1,150,No
100,13,6,176.7,150,No
100,14,26,135.4,150,Yes
100,15,3,114.4,150,Yes
100,16,29,87.1,150,Yes
100,17,33,43.0,150,Yes
100,18,21,96.2,150,Yes
100,19,25,120.7,150,Yes
100,20,32,87.3,150,Yes
100,21,18,96.2,150,Yes
100,22,17,57.8,150,Yes
100,23,10,106.3,150,Yes
100,24,19,132.9,150,Yes
100,25,19,120.7,150,Yes
100,26,27,59.1,150,Yes
100,27,26,59.1,150,Yes
100,28,20,290.3,150,No
100,29,31,62.4,150,Yes
100,30,31,59.9,150,Yes
100,31,30,59.9,150,Yes
100,32,20,87.3,150,Yes
100,33,17,43.0,150,Yes
101,0,23,110.8,150,Yes
101,1,5,316.5,150,No
101,2,8,182.9,150,No
101,3,4,153.3,150,No
101,4,3,153.3,150,No
101,5,22,312.0,150,No
101,6,0,185.4,150,No
101,7,16,160.9,150,No
101,8,2,182.9,150,No
101,9,13,126.2,150,Yes
101,10,8,208.5,150,No
101,11,24,106.3,150,Yes
101,12,8,355.2,150,No
101,13,9,126.2,150,Yes
101,14,20,92.0,150,Yes
101,15,21,139.6,150,Yes
101,16,25,121.6,150,Yes
101,17,33,42.2,150,Yes
101,18,16,133.5,150,Yes
101,19,32,86.2,150,Yes
101,20,14,92.0,150,Yes
101,21,27,59.1,150,Yes
101,22,17,57.8,150,Yes
101,23,0,110.8,150,Yes
101,24,11,106.3,150,Yes
101,25,16,121.6,150,Yes
101,26,19,293.2,150,No
101,27,21,59.1,150,Yes
101,28,30,88.1,150,Yes
101,29,31,61.0,150,Yes
101,30,31,63.3,150,Yes
101,31,29,61.0,150,Yes
101,32,19,86.2,150,Yes
101,33,17,42.2,150,Yes
102,0,23,311.2,150,No
102,1,18,113.2,150,Yes
102,2,30,102.8,150,Yes
102,3,1,181.2,150,No
102,4,16,159.2,150,No
102,5,9,193.6,150,No
102,6,15,130.1,150,Yes
102,7,9,217.8,150,No
102,8,13,149.3,150,Yes
102,9,5,193.6,150,No
102,10,19,103.4,150,Yes
102,11,9,349.7,150,No
102,12,20,86.5,150,Yes
102,13,8,149.3,150,Yes
102,14,17,143.9,150,Yes
102,15,6,130.1,150,Yes
102,16,25,123.4,150,Yes
102,17,27,56.5,150,Yes
102,18,1,113.2,150,Yes
102,19,10,103.4,150,Yes
102,20,12,86.5,150,Yes
102,21,16,136.3,150,Yes
102,22,23,57.8,150,Yes
102,23,22,57.8,150,Yes
102,24,20,295.1,150,No
102,25,16,123.4,150,Yes
102,26,32,85.2,150,Yes
102,27,17,56.5,150,Yes
102,28,33,60.7,150,Yes
102,29,31,88.1,150,Yes
102,30,2,102.8,150,Yes
102,31,33,63.4,150,Yes
102,32,26,85.2,150,Yes
102,33,28,60.7,150,Yes
103,0,4,143.2,150,Yes
103,1,25,310.5,150,No
103,2,5,209.5,150,No
103,3,1,314.4,150,No
103,4,0,143.2,150,Yes
103,5,2,209.5,150,No
103,6,19,118.4,150,Yes
103,7,23,147.9,150,Yes
103,8,20,78.6,150,Yes
103,9,6,175.0,150,No
103,10,9,218.8,150,No
103,11,14,132.1,150,Yes
103,12,13,157.0,150,No
103,13,26,125.9,150,Yes
103,14,11,132.1,150,Yes
103,15,21,99.0,150,Yes
103,16,5,344.3,150,No
103,17,30,86.3,150,Yes
103,18,13,135.7,150,Yes
103,19,6,118.4,150,Yes
103,20,8,78.6,150,Yes
103,21,15,99.0,150,Yes
103,22,25,57.3,150,Yes
103,23,29,53.8,150,Yes
103,24,20,292.1,150,No
103,25,22,57.3,150,Yes
103,26,13,125.9,150,Yes
103,27,31,62.2,150,Yes
103,28,32,84.6,150,Yes
103,29,23,53.8,150,Yes
103,30,31,65.3,150,Yes
103,31,27,62.2,150,Yes
103,32,28,84.6,150,Yes
104,0,3,144.2,150,Yes
104,1,5,218.6,150,No
104,2,4,313.2,150,No
104,3,0,144.2,150,Yes
104,4,22,311.2,150,No
104,5,1,218.6,150,No
104,6,32,122.3,150,Yes
104,7,21,75.2,150,Yes
104,8,23,149.6,150,Yes
104,9,14,159.7,150,No
104,10,20,121.3,150,Yes
104,11,6,134.0,150,Yes
104,12,10,172.8,150,No
104,13,12,218.1,150,No
104,14,27,126.5,150,Yes
104,15,5,342.1,150,No
104,16,29,86.7,150,Yes
104,17,24,96.8,150,Yes
104,18,32,57.0,150,Yes
104,19,14,137.6,150,Yes
104,20,10,121.3,150,Yes
104,21,7,75.2,150,Yes
104,22,18,57.3,150,Yes
104,23,33,53.6,150,Yes
104,24,17,96.8,150,Yes
104,25,21,289.2,150,No
104,26,30,63.6,150,Yes
104,27,14,126.5,150,Yes
104,28,31,84.1,150,Yes
104,29,30,64.3,150,Yes
104,30,26,63.6,150,Yes
104,31,28,84.1,150,Yes
104,32,18,57.0,150,Yes
104,33,23,53.6,150,Yes
105,0,24,310.2,150,No
105,1,3,141.1,150,Yes
105,2,7,221.9,150,No
105,3,1,141.1,150,Yes
105,4,2,227.6,150,No
105,5,19,72.9,150,Yes
105,6,32,122.5,150,Yes
105,7,8,217.1,150,No
105,8,9,171.2,150,No
105,9,18,121.6,150,Yes
105,10,0,312.8,150,No
105,11,14,158.0,150,No
105,12,4,340.0,150,No
105,13,30,87.9,150,Yes
105,14,27,127.1,150,Yes
105,15,23,152.2,150,No
105,16,6,132.0,150,Yes
105,17,22,99.6,150,Yes
105,18,9,121.6,150,Yes
105,19,5,72.9,150,Yes
105,20,32,56.8,150,Yes
105,21,14,139.0,150,Yes
105,22,17,99.6,150,Yes
105,23,33,53.5,150,Yes
105,24,20,56.9,150,Yes
105,25,29,64.8,150,Yes
105,26,19,285.7,150,No
105,27,14,127.1,150,Yes
105,28,31,83.2,150,Yes
105,29,30,63.3,150,Yes
105,30,29,63.3,150,Yes
105,31,28,83.2,150,Yes
105,32,20,56.8,150,Yes
105,33,23,53.5,150,Yes
106,0,23,307.9,150,No
106,1,2,233.2,150,No
106,2,6,223.8,150,No
106,3,15,140.0,150,Yes
106,4,33,122.8,150,Yes
106,5,20,125.2,150,Yes
106,6,10,218.6,150,No
106,7,21,71.6,150,Yes
106,8,1,336.7,150,No
106,9,18,153.1,150,No
106,10,5,170.3,150,No
106,11,30,110.1,150,Yes
106,12,27,127.8,150,Yes
106,13,12,158.4,150,No
106,14,4,132.0,150,Yes
106,15,3,140.0,150,Yes
106,16,22,101.8,150,Yes
106,17,29,88.3,150,Yes
106,18,9,153.1,150,No
106,19,33,56.0,150,Yes
106,20,5,125.2,150,Yes
106,21,7,71.6,150,Yes
106,22,16,101.8,150,Yes
106,23,19,59.1,150,Yes
106,24,32,67.1,150,Yes
106,25,12,136.5,150,Yes
106,26,31,83.0,150,Yes
106,27,12,127.8,150,Yes
106,28,21,284.3,150,No
106,29,32,64.2,150,Yes
106,30,11,110.1,150,Yes
106,31,26,83.0,150,Yes
106,32,29,64.2,150,Yes
106,33,19,56.0,150,Yes
107,0,22,307.4,150,No
107,1,33,124.0,150,Yes
107,2,5,222.4,150,No
107,3,2,237.9,150,No
107,4,10,139.0,150,Yes
107,5,13,215.7,150,No
107,6,34,107.5,150,Yes
107,7,19,127.8,150,Yes
107,8,3,333.4,150,No
107,9,31,126.7,150,Yes
107,10,4,139.0,150,Yes
107,11,24,154.4,150,No
107,12,17,69.4,150,Yes
107,13,7,170.6,150,No
107,14,9,158.0,150,No
107,15,1,134.0,150,Yes
107,16,20,101.5,150,Yes
107,17,12,69.4,150,Yes
107,18,33,54.4,150,Yes
107,19,7,127.8,150,Yes
107,20,16,101.5,150,Yes
107,21,27,81.6,150,Yes
107,22,18,60.4,150,Yes
107,23,32,68.0,150,Yes
107,24,30,25.0,150,Yes
107,25,17,283.6,150,No
107,26,9,137.1,150,Yes
107,27,21,81.6,150,Yes
107,28,29,88.5,150,Yes
107,29,32,63.3,150,Yes
107,30,24,25.0,150,Yes
107,31,9,126.7,150,Yes
107,32,29,63.3,150,Yes
107,33,18,54.4,150,Yes
107,34,6,107.5,150,Yes
108,0,21,306.4,150,No
108,1,7,226.4,150,No
108,2,17,135.0,150,Yes
108,3,1,248.3,150,No
108,4,14,134.3,150,Yes
108,5,0,316.8,150,No
108,6,26,167.3,150,No
108,7,8,214.8,150,No
108,8,4,168.2,150,No
108,9,12,157.8,150,No
108,10,3,327.1,150,No
108,11,29,120.4,150,Yes
108,12,31,128.7,150,Yes
108,13,20,64.5,150,Yes
108,14,4,134.3,150,Yes
108,15,18,100.0,150,Yes
108,16,11,130.0,150,Yes
108,17,2,135.0,150,Yes
108,18,15,100.0,150,Yes
108,19,29,56.3,150,Yes
108,20,13,64.5,150,Yes
108,21,19,61.3,150,Yes
108,22,32,67.6,150,Yes
108,23,20,283.6,150,No
108,24,25,80.6,150,Yes
108,25,24,80.6,150,Yes
108,26,6,167.3,150,No
108,27,32,63.3,150,Yes
108,28,12,143.1,150,Yes
108,29,19,56.3,150,Yes
108,30,27,92.3,150,Yes
108,31,12,128.7,150,Yes
108,32,27,63.3,150,Yes
109,0,14,127.1,150,Yes
109,1,21,307.3,150,No
109,2,4,226.9,150,No
109,3,17,131.5,150,Yes
109,4,8,214.8,150,No
109,5,11,157.8,150,No
109,6,1,317.5,150,No
109,7,12,322.9,150,No
109,8,3,166.9,150,No
109,9,27,119.6,150,Yes
109,10,9,127.0,150,Yes
109,11,32,129.5,150,Yes
109,12,4,254.1,150,No
109,13,18,169.5,150,No
109,14,0,127.1,150,Yes
109,15,22,64.5,150,Yes
109,16,19,99.7,150,Yes
109,17,3,131.5,150,Yes
109,18,13,169.5,150,No
109,19,16,99.7,150,Yes
109,20,27,56.6,150,Yes
109,21,20,59.9,150,Yes
109,22,15,64.5,150,Yes
109,23,22,282.9,150,No
109,24,31,68.1,150,Yes
109,25,26,83.2,150,Yes
109,26,25,83.2,150,Yes
109,27,20,56.6,150,Yes
109,28,31,64.3,150,Yes
109,29,11,143.5,150,Yes
109,30,28,92.0,150,Yes
109,31,28,64.3,150,Yes
109,32,11,129.5,150,Yes
110,0,12,123.1,150,Yes
110,1,4,230.5,150,No
110,2,20,306.4,150,No
110,3,17,128.5,150,Yes
110,4,9,215.1,150,No
110,5,11,159.8,150,No
110,6,2,319.0,150,No
110,7,8,127.0,150,Yes
110,8,25,119.1,150,Yes
110,9,3,165.5,150,No
110,10,4,260.0,150,No
110,11,29,128.1,150,Yes
110,12,0,123.1,150,Yes
110,13,10,318.7,150,No
110,14,19,170.3,150,No
110,15,18,99.2,150,Yes
110,16,22,61.3,150,Yes
110,17,3,128.5,150,Yes
110,18,15,99.2,150,Yes
110,19,14,170.3,150,No
110,20,21,61.3,150,Yes
110,21,25,56.0,150,Yes
110,22,16,61.3,150,Yes
110,23,22,283.6,150,No
110,24,31,68.1,150,Yes
110,25,21,56.0,150,Yes
110,26,27,81.1,150,Yes
110,27,26,81.1,150,Yes
110,28,30,93.3,150,Yes
110,29,11,128.1,150,Yes
110,30,31,64.4,150,Yes
110,31,30,64.4,150,Yes
110,32,11,140.6,150,Yes
111,0,32,119.0,150,Yes
111,1,18,305.9,150,No
111,2,9,131.1,150,Yes
111,3,7,231.8,150,No
111,4,17,124.5,150,Yes
111,5,10,159.6,150,No
111,6,7,269.0,150,No
111,7,11,212.6,150,No
111,8,33,117.6,150,Yes
111,9,27,118.4,150,Yes
111,10,21,127.3,150,Yes
111,11,4,166.8,150,No
111,12,23,171.1,150,No
111,13,6,315.3,150,No
111,14,26,57.4,150,Yes
111,15,16,99.5,150,Yes
111,16,15,99.5,150,Yes
111,17,4,124.5,150,Yes
111,18,20,59.9,150,Yes
111,19,10,141.2,150,Yes
111,20,27,56.0,150,Yes
111,21,10,127.3,150,Yes
111,22,31,68.3,150,Yes
111,23,12,171.1,150,No
111,24,26,285.0,150,No
111,25,28,84.6,150,Yes
111,26,14,57.4,150,Yes
111,27,20,56.0,150,Yes
111,28,25,84.6,150,Yes
111,29,31,65.2,150,Yes
111,30,29,94.0,150,Yes
111,31,29,65.2,150,Yes
111,32,0,119.0,150,Yes
111,33,8,117.6,150,Yes
112,0,18,115.0,150,Yes
112,1,31,301.0,150,No
112,2,7,234.0,150,No
112,3,34,115.8,150,Yes
112,4,11,133.1,150,Yes
112,5,20,123.1,150,Yes
112,6,7,278.0,150,No
112,7,10,210.6,150,No
112,8,6,314.2,150,No
112,9,14,159.4,150,No
112,10,5,164.8,150,No
112,11,27,120.2,150,Yes
112,12,21,172.8,150,No
112,13,16,101.0,150,Yes
112,14,23,127.3,150,Yes
112,15,28,56.3,150,Yes
112,16,13,101.0,150,Yes
112,17,27,53.5,150,Yes
112,18,0,115.0,150,Yes
112,19,17,60.0,150,Yes
112,20,5,123.1,150,Yes
112,21,12,172.8,150,No
112,22,29,68.6,150,Yes
112,23,14,127.3,150,Yes
112,24,14,147.0,150,Yes
112,25,28,282.2,150,No
112,26,32,86.4,150,Yes
112,27,17,53.5,150,Yes
112,28,15,56.3,150,Yes
112,29,30,64.3,150,Yes
112,30,29,64.3,150,Yes
112,31,3,124.3,150,Yes
112,32,26,86.4,150,Yes
112,33,30,95.9,150,Yes
112,34,3,115.8,150,Yes
113,0,31,111.0,150,Yes
113,1,34,289.0,150,No
113,2,8,234.1,150,No
113,3,8,295.1,150,No
113,4,19,118.5,150,Yes
113,5,11,135.2,150,Yes
113,6,4,160.8,150,No
113,7,13,161.3,150,No
113,8,6,209.4,150,No
113,9,3,311.6,150,No
113,10,33,98.6,150,Yes
113,11,30,118.7,150,Yes
113,12,20,95.9,150,Yes
113,13,21,126.4,150,Yes
113,14,16,180.6,150,No
113,15,26,51.6,150,Yes
113,16,14,180.6,150,No
113,17,30,55.7,150,Yes
113,18,17,60.0,150,Yes
113,19,4,118.5,150,Yes
113,20,12,95.9,150,Yes
113,21,13,126.4,150,Yes
113,22,27,69.9,150,Yes
113,23,26,282.2,150,No
113,24,25,83.2,150,Yes
113,25,24,83.2,150,Yes
113,26,15,51.6,150,Yes
113,27,28,64.3,150,Yes
113,28,27,64.3,150,Yes
113,29,28,98.1,150,Yes
113,30,17,55.7,150,Yes
113,31,0,111.0,150,Yes
113,32,13,160.3,150,No
113,33,10,98.6,150,Yes
113,34,10,124.2,150,Yes
114,0,7,230.3,150,No
114,1,30,106.0,150,Yes
114,2,7,301.2,150,No
114,3,18,120.1,150,Yes
114,4,14,161.4,150,No
114,5,8,303.6,150,No
114,6,18,158.6,150,No
114,7,6,208.1,150,No
114,8,5,303.6,150,No
114,9,13,136.2,150,Yes
114,10,2,313.1,150,No
114,11,21,94.3,150,Yes
114,12,22,182.8,150,No
114,13,31,119.9,150,Yes
114,14,20,129.1,150,Yes
114,15,25,52.2,150,Yes
114,16,31,53.5,150,Yes
114,17,16,60.0,150,Yes
114,18,3,120.1,150,Yes
114,19,27,71.6,150,Yes
114,20,14,129.1,150,Yes
114,21,11,94.3,150,Yes
114,22,12,182.8,150,No
114,23,25,279.4,150,No
114,24,26,85.9,150,Yes
114,25,15,52.2,150,Yes
114,26,24,85.9,150,Yes
114,27,29,64.3,150,Yes
114,28,33,22.1,150,Yes
114,29,27,64.3,150,Yes
114,30,1,106.0,150,Yes
114,31,16,53.5,150,Yes
114,32,29,99.0,150,Yes
114,33,28,22.1,150,Yes
115,0,25,104.0,150,Yes
115,1,10,228.2,150,No
115,2,19,117.7,150,Yes
115,3,4,307.2,150,No
115,4,3,307.2,150,No
115,5,6,316.1,150,No
115,6,10,306.2,150,No
115,7,11,162.4,150,No
115,8,13,135.3,150,Yes
115,9,2,157.5,150,No
115,10,9,206.9,150,No
115,11,16,130.9,150,Yes
115,12,22,186.3,150,No
115,13,31,119.9,150,Yes
115,14,21,92.0,150,Yes
115,15,30,52.0,150,Yes
115,16,11,130.9,150,Yes
115,17,31,54.4,150,Yes
115,18,28,74.0,150,Yes
115,19,2,117.7,150,Yes
115,20,17,59.1,150,Yes
115,21,14,92.0,150,Yes
115,22,12,186.3,150,No
115,23,29,84.5,150,Yes
115,24,11,163.9,150,No
115,25,0,104.0,150,Yes
115,26,28,64.2,150,Yes
115,27,30,278.0,150,No
115,28,26,64.2,150,Yes
115,29,33,51.6,150,Yes
115,30,15,52.0,150,Yes
115,31,17,54.4,150,Yes
115,32,26,99.4,150,Yes
115,33,29,51.6,150,Yes
116,0,18,103.0,150,Yes
116,1,9,229.1,150,No
116,2,13,164.1,150,No
116,3,9,310.2,150,No
116,4,23,124.0,150,Yes
116,5,12,312.0,150,No
116,6,4,156.2,150,No
116,7,11,306.1,150,No
116,8,12,135.4,150,Yes
116,9,6,207.2,150,No
116,10,31,184.9,150,No
116,11,7,306.1,150,No
116,12,28,119.9,150,Yes
116,13,20,132.3,150,Yes
116,14,21,89.2,150,Yes
116,15,29,53.3,150,Yes
116,16,28,53.2,150,Yes
116,17,27,76.1,150,Yes
116,18,0,103.0,150,Yes
116,19,16,60.0,150,Yes
116,20,13,132.3,150,Yes
116,21,14,89.2,150,Yes
116,22,24,82.9,150,Yes
116,23,4,124.0,150,Yes
116,24,32,50.7,150,Yes
116,25,29,274.5,150,No
116,26,27,64.2,150,Yes
116,27,26,64.2,150,Yes
116,28,16,53.2,150,Yes
116,29,15,53.3,150,Yes
116,30,13,163.4,150,No
116,31,10,184.9,150,No
116,32,24,50.7,150,Yes
116,33,26,99.7,150,Yes
117,0,10,167.0,150,No
117,1,31,100.1,150,Yes
117,2,8,226.8,150,No
117,3,8,314.2,150,No
117,4,21,125.3,150,Yes
117,5,4,155.6,150,No
117,6,9,303.9,150,No
117,7,14,301.7,150,No
117,8,5,206.9,150,No
117,9,6,303.9,150,No
117,10,16,130.9,150,Yes
117,11,14,136.4,150,Yes
117,12,33,191.3,150,No
117,13,23,86.6,150,Yes
117,14,30,120.9,150,Yes
117,15,25,51.8,150,Yes
117,16,10,130.9,150,Yes
117,17,30,53.2,150,Yes
117,18,29,78.1,150,Yes
117,19,17,60.0,150,Yes
117,20,22,83.8,150,Yes
117,21,4,125.3,150,Yes
117,22,28,50.0,150,Yes
117,23,13,86.6,150,Yes
117,24,25,272.5,150,No
117,25,15,51.8,150,Yes
117,26,10,163.4,150,No
117,27,29,63.2,150,Yes
117,28,22,50.0,150,Yes
117,29,27,63.2,150,Yes
117,30,17,53.2,150,Yes
117,31,1,100.1,150,Yes
117,32,27,102.0,150,Yes
117,33,12,191.3,150,No
118,0,10,226.8,150,No
118,1,7,169.1,150,No
118,2,11,302.7,150,No
118,3,10,322.2,150,No
118,4,23,128.9,150,Yes
118,5,23,152.6,150,No
118,6,22,453.8,150,No
118,7,20,133.7,150,Yes
118,8,14,295.9,150,No
118,9,19,88.2,150,Yes
118,10,5,206.6,150,No
118,11,2,302.7,150,No
118,12,26,179.3,150,No
118,13,14,134.5,150,Yes
118,14,21,120.2,150,Yes
118,15,31,50.7,150,Yes
118,16,21,51.9,150,Yes
118,17,29,82.2,150,Yes
118,18,16,59.2,150,Yes
118,19,9,88.2,150,Yes
118,20,7,133.7,150,Yes
118,21,16,51.9,150,Yes
118,22,7,162.0,150,No
118,23,4,128.9,150,Yes
118,24,31,270.7,150,No
118,25,32,80.7,150,Yes
118,26,28,61.7,150,Yes
118,27,29,63.2,150,Yes
118,28,26,61.7,150,Yes
118,29,27,63.2,150,Yes
118,30,27,102.6,150,Yes
118,31,15,50.7,150,Yes
118,32,33,50.3,150,Yes
118,33,32,50.3,150,Yes
118,34,33,168.8,150,No
119,0,29,454.0,150,No
119,1,7,170.3,150,No
119,2,13,226.5,150,No
119,3,16,131.9,150,Yes
119,4,13,327.3,150,No
119,5,12,305.5,150,No
119,6,16,151.8,150,No
119,7,18,132.9,150,Yes
119,8,31,131.0,150,Yes
119,9,23,91.1,150,Yes
119,10,11,292.9,150,No
119,11,31,120.4,150,Yes
119,12,5,305.5,150,No
119,13,6,204.4,150,No
119,14,21,179.4,150,No
119,15,26,50.2,150,Yes
119,16,3,131.9,150,Yes
119,17,30,83.5,150,Yes
119,18,7,132.9,150,Yes
119,19,20,59.2,150,Yes
119,20,31,53.2,150,Yes
119,21,27,62.5,150,Yes
119,22,24,79.1,150,Yes
119,23,9,91.1,150,Yes
119,24,33,50.2,150,Yes
119,25,26,269.4,150,No
119,26,15,50.2,150,Yes
119,27,21,62.5,150,Yes
119,28,30,62.2,150,Yes
119,29,7,163.1,150,No
119,30,28,62.2,150,Yes
119,31,20,53.2,150,Yes
119,32,28,103.0,150,Yes
119,33,24,50.2,150,Yes
119,34,33,166.4,150,No
120,0,7,226.5,150,No
120,1,34,461.3,150,No
120,2,8,169.6,150,No
120,3,15,131.9,150,Yes
120,4,12,329.8,150,No
120,5,15,150.1,150,No
120,6,10,306.4,150,No
120,7,5,204.1,150,No
120,8,19,132.9,150,Yes
120,9,14,178.8,150,No
120,10,6,306.4,150,No
120,11,30,119.3,150,Yes
120,12,11,292.3,150,No
120,13,30,131.0,150,Yes
120,14,20,62.8,150,Yes
120,15,3,131.9,150,Yes
120,16,27,92.0,150,Yes
120,17,26,51.0,150,Yes
120,18,28,82.9,150,Yes
120,19,8,132.9,150,Yes
120,20,14,62.8,150,Yes
120,21,23,60.0,150,Yes
120,22,26,267.4,150,No
120,23,30,54.4,150,Yes
120,24,25,80.1,150,Yes
120,25,31,49.2,150,Yes
120,26,17,51.0,150,Yes
120,27,16,92.0,150,Yes
120,28,29,62.3,150,Yes
120,29,28,62.3,150,Yes
120,30,23,54.4,150,Yes
120,31,25,49.2,150,Yes
120,32,31,166.8,150,No
120,33,29,102.9,150,Yes
120,34,8,162.6,150,No
121,0,33,466.7,150,No
121,1,6,225.3,150,No
121,2,8,173.0,150,No
121,3,15,332.7,150,No
121,4,16,132.8,150,Yes
121,5,11,308.2,150,No
121,6,7,199.7,150,No
121,7,16,147.9,150,Yes
121,8,22,133.6,150,Yes
121,9,14,179.5,150,No
121,10,29,130.2,150,Yes
121,11,5,308.2,150,No
121,12,25,93.3,150,Yes
121,13,29,119.8,150,Yes
121,14,19,62.2,150,Yes
121,15,13,287.9,150,No
121,16,4,132.8,150,Yes
121,17,26,51.0,150,Yes
121,18,28,86.5,150,Yes
121,19,14,62.2,150,Yes
121,20,21,59.2,150,Yes
121,21,29,53.9,150,Yes
121,22,8,133.6,150,Yes
121,23,24,78.2,150,Yes
121,24,32,50.1,150,Yes
121,25,12,93.3,150,Yes
121,26,17,51.0,150,Yes
121,27,26,267.5,150,No
121,28,30,60.2,150,Yes
121,29,21,53.9,150,Yes
121,30,28,60.2,150,Yes
121,31,30,104.2,150,Yes
121,32,24,50.1,150,Yes
121,33,8,159.5,150,No
121,34,32,166.2,150,No
122,0,31,468.7,150,No
122,1,11,225.7,150,No
122,2,8,175.4,150,No
122,3,23,132.4,150,Yes
122,4,5,334.9,150,No
122,5,12,285.7,150,No
122,6,23,145.6,150,Yes
122,7,9,308.1,150,No
122,8,24,134.4,150,Yes
122,9,7,308.1,150,No
122,10,15,180.8,150,No
122,11,6,197.3,150,No
122,12,30,122.0,150,Yes
122,13,20,95.2,150,Yes
122,14,30,131.4,150,Yes
122,15,18,63.8,150,Yes
122,16,25,52.5,150,Yes
122,17,27,86.5,150,Yes
122,18,15,63.8,150,Yes
122,19,30,52.2,150,Yes
122,20,13,95.2,150,Yes
122,21,19,59.6,150,Yes
122,22,28,83.0,150,Yes
122,23,3,132.4,150,Yes
122,24,8,134.4,150,Yes
122,25,16,52.5,150,Yes
122,26,25,266.7,150,No
122,27,29,60.3,150,Yes
122,28,33,49.8,150,Yes
122,29,27,60.3,150,Yes
122,30,19,52.2,150,Yes
122,31,8,159.8,150,No
122,32,29,104.2,150,Yes
122,33,28,49.8,150,Yes
122,34,33,168.4,150,No
123,0,33,473.3,150,No
123,1,8,224.5,150,No
123,2,18,121.9,150,Yes
123,3,31,178.9,150,No
123,4,20,310.0,150,No
123,5,18,138.7,150,Yes
123,6,19,133.7,150,Yes
123,7,9,276.9,150,No
123,8,5,190.9,150,No
123,9,29,124.0,150,Yes
123,10,7,335.9,150,No
123,11,24,96.1,150,Yes
123,12,25,58.9,150,Yes
123,13,17,66.0,150,Yes
123,14,4,311.0,150,No
123,15,13,181.2,150,No
123,16,27,87.1,150,Yes
123,17,13,66.0,150,Yes
123,18,2,121.9,150,Yes
123,19,6,133.7,150,Yes
123,20,23,59.1,150,Yes
123,21,29,127.8,150,Yes
123,22,30,48.4,150,Yes
123,23,29,55.4,150,Yes
123,24,11,96.1,150,Yes
123,25,12,58.9,150,Yes
123,26,25,267.0,150,No
123,27,28,59.4,150,Yes
123,28,27,59.4,150,Yes
123,29,23,55.4,150,Yes
123,30,22,48.4,150,Yes
123,31,22,91.2,150,Yes
123,32,28,102.9,150,Yes
123,33,6,161.2,150,No
124,0,29,474.0,150,No
124,1,7,223.9,150,No
124,2,33,177.9,150,No
124,3,17,119.5,150,Yes
124,4,21,308.2,150,No
124,5,19,133.0,150,Yes
124,6,17,132.5,150,Yes
124,7,3,188.2,150,No
124,8,15,336.0,150,No
124,9,32,127.6,150,Yes
124,10,25,97.4,150,Yes
124,11,12,67.6,150,Yes
124,12,11,67.6,150,Yes
124,13,22,61.6,150,Yes
124,14,4,314.1,150,No
124,15,9,271.2,150,No
124,16,11,180.5,150,No
124,17,3,119.5,150,Yes
124,18,27,87.8,150,Yes
124,19,5,133.0,150,Yes
124,20,32,53.2,150,Yes
124,21,20,60.5,150,Yes
124,22,13,61.6,150,Yes
124,23,30,46.6,150,Yes
124,24,32,126.9,150,Yes
124,25,10,97.4,150,Yes
124,26,22,266.2,150,No
124,27,28,59.3,150,Yes
124,28,27,59.3,150,Yes
124,29,5,159.8,150,No
124,30,23,46.6,150,Yes
124,31,28,102.0,150,Yes
124,32,20,53.2,150,Yes
124,33,23,94.9,150,Yes
125,0,9,221.4,150,No
125,1,6,599.0,150,No
125,2,20,117.2,150,Yes
125,3,22,306.2,150,No
125,4,28,175.5,150,No
125,5,20,126.0,150,Yes
125,6,24,133.7,150,Yes
125,7,15,179.3,150,No
125,8,3,315.2,150,No
125,9,2,182.5,150,No
125,10,14,339.4,150,No
125,11,31,132.0,150,Yes
125,12,26,97.4,150,Yes
125,13,19,62.9,150,Yes
125,14,11,262.0,150,No
125,15,16,70.2,150,Yes
125,16,15,70.2,150,Yes
125,17,27,48.1,150,Yes
125,18,29,89.1,150,Yes
125,19,13,62.9,150,Yes
125,20,2,117.2,150,Yes
125,21,31,124.5,150,Yes
125,22,23,59.2,150,Yes
125,23,31,54.1,150,Yes
125,24,6,133.7,150,Yes
125,25,19,267.0,150,No
125,26,12,97.4,150,Yes
125,27,17,48.1,150,Yes
125,28,17,93.2,150,Yes
125,29,30,58.3,150,Yes
125,30,29,58.3,150,Yes
125,31,23,54.1,150,Yes
125,32,30,100.6,150,Yes
126,0,7,219.2,150,No
126,1,3,601.0,150,No
126,2,20,304.5,150,No
126,3,26,133.7,150,Yes
126,4,14,114.1,150,Yes
126,5,22,171.1,150,No
126,6,14,123.7,150,Yes
126,7,4,180.6,150,No
126,8,32,134.7,150,Yes
126,9,25,93.6,150,Yes
126,10,19,65.2,150,Yes
126,11,17,181.6,150,No
126,12,8,254.7,150,No
126,13,12,342.8,150,No
126,14,4,114.1,150,Yes
126,15,17,73.0,150,Yes
126,16,2,313.6,150,No
126,17,15,73.0,150,Yes
126,18,31,88.4,150,Yes
126,19,10,65.2,150,Yes
126,20,23,59.1,150,Yes
126,21,32,124.9,150,Yes
126,22,24,93.9,150,Yes
126,23,32,54.4,150,Yes
126,24,28,47.5,150,Yes
126,25,9,93.6,150,Yes
126,26,3,133.7,150,Yes
126,27,19,265.7,150,No
126,28,24,47.5,150,Yes
126,29,30,100.2,150,Yes
126,30,31,59.2,150,Yes
126,31,30,59.2,150,Yes
126,32,23,54.4,150,Yes
127,0,32,474.4,150,No
127,1,6,219.5,150,No
127,2,15,111.4,150,Yes
127,3,23,133.0,150,Yes
127,4,20,305.2,150,No
127,5,21,168.3,150,No
127,6,2,176.7,150,No
127,7,16,151.1,150,No
127,8,22,91.7,150,Yes
127,9,7,247.8,150,No
127,10,15,118.0,150,Yes
127,11,24,66.2,150,Yes
127,12,13,179.4,150,No
127,13,14,79.5,150,Yes
127,14,13,79.5,150,Yes
127,15,2,111.4,150,Yes
127,16,7,151.1,150,No
127,17,9,345.5,150,No
127,18,4,311.0,150,No
127,19,31,90.6,150,Yes
127,20,25,59.5,150,Yes
127,21,27,96.1,150,Yes
127,22,8,91.7,150,Yes
127,23,3,133.0,150,Yes
127,24,11,66.2,150,Yes
127,25,20,59.5,150,Yes
127,26,27,47.9,150,Yes
127,27,26,47.9,150,Yes
127,28,24,266.0,150,No
127,29,30,100.2,150,Yes
127,30,31,60.1,150,Yes
127,31,30,60.1,150,Yes
127,32,3,166.4,150,No
128,0,5,220.8,150,No
128,1,4,602.2,150,No
128,2,18,308.7,150,No
128,3,22,117.8,150,Yes
128,4,26,136.7,150,Yes
128,5,3,166.2,150,No
128,6,24,164.9,150,No
128,7,22,113.1,150,Yes
128,8,17,66.3,150,Yes
128,9,21,90.1,150,Yes
128,10,11,90.4,150,Yes
128,11,10,90.4,150,Yes
128,12,16,153.0,150,No
128,13,12,232.1,150,No
128,14,10,180.4,150,No
128,15,13,352.0,150,No
128,16,12,153.0,150,No
128,17,8,66.3,150,Yes
128,18,20,59.1,150,Yes
128,19,30,97.2,150,Yes
128,20,18,59.1,150,Yes
128,21,9,90.1,150,Yes
128,22,7,113.1,150,Yes
128,23,29,46.7,150,Yes
128,24,23,95.2,150,Yes
128,25,17,265.7,150,No
128,26,4,136.7,150,Yes
128,27,30,58.1,150,Yes
128,28,2,308.9,150,No
128,29,23,46.7,150,Yes
128,30,27,58.1,150,Yes
128,31,27,102.5,150,Yes
129,0,30,466.6,150,No
129,1,6,222.4,150,No
129,2,28,310.2,150,No
129,3,15,123.5,150,Yes
129,4,26,137.5,150,Yes
129,5,23,164.9,150,No
129,6,3,159.9,150,No
129,7,15,114.9,150,Yes
129,8,17,155.0,150,No
129,9,8,222.7,150,No
129,10,24,87.1,150,Yes
129,11,22,67.2,150,Yes
129,12,13,181.0,150,No
129,13,14,92.3,150,Yes
129,14,13,92.3,150,Yes
129,15,7,114.9,150,Yes
129,16,27,146.7,150,Yes
129,17,8,155.0,150,No
129,18,9,358.3,150,No
129,19,21,59.1,150,Yes
129,20,29,45.5,150,Yes
129,21,19,59.1,150,Yes
129,22,11,67.2,150,Yes
129,23,20,93.8,150,Yes
129,24,10,87.1,150,Yes
129,25,22,265.2,150,No
129,26,4,137.5,150,Yes
129,27,24,116.0,150,Yes
129,28,2,310.2,150,No
129,29,20,45.5,150,Yes
129,30,4,165.0,150,No
130,0,18,313.3,150,No
130,1,3,222.4,150,No
130,2,22,137.6,150,Yes
130,3,4,156.8,150,No
130,4,14,126.3,150,Yes
130,5,2,598.8,150,No
130,6,7,216.4,150,No
130,7,15,148.0,150,Yes
130,8,24,165.1,150,No
130,9,14,115.4,150,Yes
130,10,12,181.8,150,No
130,11,21,86.7,150,Yes
130,12,17,95.2,150,Yes
130,13,19,71.6,150,Yes
130,14,9,115.4,150,Yes
130,15,7,148.0,150,Yes
130,16,28,145.6,150,Yes
130,17,12,95.2,150,Yes
130,18,20,58.2,150,Yes
130,19,13,71.6,150,Yes
130,20,18,58.2,150,Yes
130,21,11,86.7,150,Yes
130,22,2,137.6,150,Yes
130,23,6,363.6,150,No
130,24,26,94.6,150,Yes
130,25,19,261.6,150,No
130,26,29,44.0,150,Yes
130,27,28,102.0,150,Yes
130,28,27,102.0,150,Yes
130,29,26,44.0,150,Yes
131,0,18,316.1,150,No
131,1,2,223.1,150,No
131,2,4,154.6,150,No
131,3,6,599.0,150,No
131,4,14,126.3,150,Yes
131,5,17,146.0,150,Yes
131,6,24,137.6,150,Yes
131,7,5,210.2,150,No
131,8,14,114.5,150,Yes
131,9,22,169.6,150,No
131,10,20,86.4,150,Yes
131,11,13,94.9,150,Yes
131,12,11,182.6,150,No
131,13,11,94.9,150,Yes
131,14,8,114.5,150,Yes
131,15,25,73.4,150,Yes
131,16,28,103.7,150,Yes
131,17,5,146.0,150,Yes
131,18,19,58.6,150,Yes
131,19,18,58.6,150,Yes
131,20,10,86.4,150,Yes
131,21,7,371.9,150,No
131,22,27,94.6,150,Yes
131,23,25,261.4,150,No
131,24,6,137.6,150,Yes
131,25,15,73.4,150,Yes
131,26,28,56.1,150,Yes
131,27,22,94.6,150,Yes
131,28,26,56.1,150,Yes
132,0,19,317.5,150,No
132,1,6,224.3,150,No
132,2,17,127.5,150,Yes
132,3,24,139.1,150,Yes
132,4,3,598.2,150,No
132,5,18,147.0,150,Yes
132,6,2,150.7,150,No
132,7,5,206.3,150,No
132,8,23,168.4,150,No
132,9,14,98.8,150,Yes
132,10,21,87.1,150,Yes
132,11,16,77.3,150,Yes
132,12,17,116.9,150,Yes
132,13,9,182.4,150,No
132,14,9,98.8,150,Yes
132,15,27,105.3,150,Yes
132,16,11,77.3,150,Yes
132,17,12,116.9,150,Yes
132,18,5,147.0,150,Yes
132,19,20,57.4,150,Yes
132,20,19,57.4,150,Yes
132,21,10,87.1,150,Yes
132,22,28,120.9,150,Yes
132,23,29,96.4,150,Yes
132,24,3,139.1,150,Yes
132,25,7,374.1,150,No
132,26,27,55.3,150,Yes
132,27,26,55.3,150,Yes
132,28,22,120.9,150,Yes
132,29,23,96.4,150,Yes
133,0,18,317.5,150,No
133,1,5,229.1,150,No
133,2,17,134.3,150,Yes
133,3,20,205.5,150,No
133,4,16,147.1,150,Yes
133,5,2,140.8,150,Yes
133,6,3,598.7,150,No
133,7,20,171.5,150,No
133,8,4,202.6,150,No
133,9,17,112.2,150,Yes
133,10,19,88.5,150,Yes
133,11,12,181.8,150,No
133,12,15,100.2,150,Yes
133,13,23,89.8,150,Yes
133,14,25,106.2,150,Yes
133,15,12,100.2,150,Yes
133,16,4,147.1,150,Yes
133,17,9,112.2,150,Yes
133,18,21,57.8,150,Yes
133,19,10,88.5,150,Yes
133,20,7,171.5,150,No
133,21,18,57.8,150,Yes
133,22,23,259.9,150,No
133,23,13,89.8,150,Yes
133,24,25,56.3,150,Yes
133,25,24,56.3,150,Yes
134,0,20,319.0,150,No
134,1,26,140.7,150,Yes
134,2,5,230.5,150,No
134,3,16,135.4,150,Yes
134,4,17,148.1,150,Yes
134,5,3,138.1,150,Yes
134,6,19,174.6,150,No
134,7,16,109.2,150,Yes
134,8,4,201.5,150,No
134,9,21,89.2,150,Yes
134,10,12,103.1,150,Yes
134,11,10,183.8,150,No
134,12,10,103.1,150,Yes
134,13,18,95.9,150,Yes
134,14,1,600.8,150,No
134,15,25,106.8,150,Yes
134,16,7,109.2,150,Yes
134,17,4,148.1,150,Yes
134,18,13,95.9,150,Yes
134,19,6,174.6,150,No
134,20,22,58.7,150,Yes
134,21,9,89.2,150,Yes
134,22,20,58.7,150,Yes
134,23,18,256.8,150,No
134,24,25,55.4,150,Yes
134,25,24,55.4,150,Yes
134,26,1,140.7,150,Yes
135,0,4,232.0,150,No
135,1,27,142.0,150,Yes
135,2,19,318.3,150,No
135,3,4,132.8,150,Yes
135,4,3,132.8,150,Yes
135,5,20,174.2,150,No
135,6,12,108.8,150,Yes
135,7,16,147.1,150,Yes
135,8,17,88.2,150,Yes
135,9,7,199.4,150,No
135,10,21,93.7,150,Yes
135,11,15,181.6,150,No
135,12,6,108.8,150,Yes
135,13,25,107.6,150,Yes
135,14,15,105.8,150,Yes
135,15,14,105.8,150,Yes
135,16,7,147.1,150,Yes
135,17,8,88.2,150,Yes
135,18,19,60.4,150,Yes
135,19,18,60.4,150,Yes
135,20,26,91.0,150,Yes
135,21,10,93.7,150,Yes
135,22,21,259.9,150,No
135,23,25,55.4,150,Yes
135,24,26,35.1,150,Yes
135,25,23,55.4,150,Yes
135,26,24,35.1,150,Yes
135,27,1,142.0,150,Yes
136,0,4,230.5,150,No
136,1,17,207.2,150,No
136,2,19,318.4,150,No
136,3,13,108.7,150,Yes
136,4,5,131.0,150,Yes
136,5,4,131.0,150,Yes
136,6,17,172.9,150,No
136,7,14,151.0,150,No
136,8,7,198.7,150,No
136,9,15,87.3,150,Yes
136,10,26,100.9,150,Yes
136,11,20,183.0,150,No
136,12,24,108.2,150,Yes
136,13,3,108.7,150,Yes
136,14,7,151.0,150,No
136,15,9,87.3,150,Yes
136,16,20,105.8,150,Yes
136,17,23,93.0,150,Yes
136,18,19,59.5,150,Yes
136,19,18,59.5,150,Yes
136,20,16,105.8,150,Yes
136,21,26,256.8,150,No
136,22,24,54.6,150,Yes
136,23,25,36.1,150,Yes
136,24,22,54.6,150,Yes
136,25,23,36.1,150,Yes
136,26,10,100.9,150,Yes
137,0,7,231.2,150,No
137,1,28,141.2,150,Yes
137,2,17,317.7,150,No
137,3,7,126.5,150,Yes
137,4,14,108.3,150,Yes
137,5,12,152.0,150,No
137,6,23,167.6,150,No
137,7,3,126.5,150,Yes
137,8,16,87.6,150,Yes
137,9,5,195.0,150,No
137,10,19,182.3,150,No
137,11,18,106.5,150,Yes
137,12,27,98.0,150,Yes
137,13,19,107.5,150,Yes
137,14,4,108.3,150,Yes
137,15,25,110.4,150,Yes
137,16,8,87.6,150,Yes
137,17,20,58.6,150,Yes
137,18,11,106.5,150,Yes
137,19,13,107.5,150,Yes
137,20,27,57.3,150,Yes
137,21,18,255.5,150,No
137,22,25,53.5,150,Yes
137,23,24,99.0,150,Yes
137,24,26,37.3,150,Yes
137,25,22,53.5,150,Yes
137,26,24,37.3,150,Yes
137,27,20,57.3,150,Yes
137,28,1,141.2,150,Yes
138,0,4,226.0,150,No
138,1,21,320.8,150,No
138,2,16,197.0,150,No
138,3,4,123.5,150,Yes
138,4,3,123.5,150,Yes
138,5,10,160.0,150,No
138,6,5,193.4,150,No
138,7,15,109.4,150,Yes
138,8,16,161.5,150,No
138,9,17,83.8,150,Yes
138,10,26,95.2,150,Yes
138,11,25,114.0,150,Yes
138,12,14,180.2,150,No
138,13,27,112.0,150,Yes
138,14,19,113.0,150,Yes
138,15,7,109.4,150,Yes
138,16,20,101.1,150,Yes
138,17,9,83.8,150,Yes
138,18,26,56.3,150,Yes
138,19,14,113.0,150,Yes
138,20,24,40.5,150,Yes
138,21,18,59.5,150,Yes
138,22,27,51.4,150,Yes
138,23,25,252.5,150,No
138,24,20,40.5,150,Yes
138,25,11,114.0,150,Yes
138,26,18,56.3,150,Yes
138,27,22,51.4,150,Yes
139,0,5,226.5,150,No
139,1,20,324.7,150,No
139,2,24,195.8,150,No
139,3,5,122.1,150,Yes
139,4,10,161.0,150,No
139,5,3,122.1,150,Yes
139,6,4,188.3,150,No
139,7,14,110.0,150,Yes
139,8,24,158.3,150,No
139,9,16,82.5,150,Yes
139,10,25,93.1,150,Yes
139,11,15,179.0,150,No
139,12,26,112.8,150,Yes
139,13,27,114.6,150,Yes
139,14,7,110.0,150,Yes
139,15,19,116.6,150,Yes
139,16,9,82.5,150,Yes
139,17,23,41.2,150,Yes
139,18,25,57.0,150,Yes
139,19,15,116.6,150,Yes
139,20,18,59.1,150,Yes
139,21,26,254.1,150,No
139,22,27,50.2,150,Yes
139,23,17,41.2,150,Yes
139,24,17,101.2,150,Yes
139,25,18,57.0,150,Yes
139,26,12,112.8,150,Yes
139,27,22,50.2,150,Yes
140,0,5,225.3,150,No
140,1,19,329.6,150,No
140,2,5,119.4,150,Yes
140,3,14,163.0,150,No
140,4,16,111.4,150,Yes
140,5,2,119.4,150,Yes
140,6,3,187.0,150,No
140,7,26,162.3,150,No
140,8,12,180.0,150,No
140,9,26,204.0,150,No
140,10,15,80.1,150,Yes
140,11,4,116.2,150,Yes
140,12,23,122.3,150,Yes
140,13,25,117.4,150,Yes
140,14,22,91.7,150,Yes
140,15,10,80.1,150,Yes
140,16,4,111.4,150,Yes
140,17,24,42.0,150,Yes
140,18,22,57.7,150,Yes
140,19,18,57.8,150,Yes
140,20,25,48.4,150,Yes
140,21,7,308.0,150,No
140,22,18,57.7,150,Yes
140,23,12,122.3,150,Yes
140,24,17,42.0,150,Yes
140,25,20,48.4,150,Yes
140,26,17,94.1,150,Yes
141,0,6,226.3,150,No
141,1,23,333.6,150,No
141,2,16,201.1,150,No
141,3,6,116.1,150,Yes
141,4,13,161.0,150,No
141,5,17,110.8,150,Yes
141,6,3,116.1,150,Yes
141,7,16,161.6,150,No
141,8,4,185.0,150,No
141,9,12,178.8,150,No
141,10,5,115.3,150,Yes
141,11,21,78.5,150,Yes
141,12,24,129.0,150,Yes
141,13,19,90.4,150,Yes
141,14,26,121.5,150,Yes
141,15,23,57.4,150,Yes
141,16,18,100.0,150,Yes
141,17,5,110.8,150,Yes
141,18,25,40.2,150,Yes
141,19,15,57.7,150,Yes
141,20,27,256.1,150,No
141,21,11,78.5,150,Yes
141,22,26,47.4,150,Yes
141,23,15,57.4,150,Yes
141,24,12,129.0,150,Yes
141,25,18,40.2,150,Yes
141,26,22,47.4,150,Yes
141,27,10,116.2,150,Yes
142,0,6,227.3,150,No
142,1,23,334.9,150,No
142,2,13,159.0,150,No
142,3,10,115.0,150,Yes
142,4,6,113.2,150,Yes
142,5,15,199.2,150,No
142,6,4,113.2,150,Yes
142,7,15,160.1,150,No
142,8,2,184.4,150,No
142,9,24,78.2,150,Yes
142,10,3,115.0,150,Yes
142,11,12,178.0,150,No
142,12,16,131.9,150,Yes
142,13,20,89.7,150,Yes
142,14,27,122.6,150,Yes
142,15,18,106.0,150,Yes
142,16,12,131.9,150,Yes
142,17,21,254.7,150,No
142,18,22,40.0,150,Yes
142,19,23,57.4,150,Yes
142,20,19,58.5,150,Yes
142,21,10,116.4,150,Yes
142,22,18,40.0,150,Yes
142,23,19,57.4,150,Yes
142,24,9,78.2,150,Yes
142,25,27,48.4,150,Yes
142,26,3,115.7,150,Yes
142,27,25,48.4,150,Yes
143,0,9,225.1,150,No
143,1,22,339.6,150,No
143,2,9,111.6,150,Yes
143,3,13,157.0,150,No
143,4,12,159.1,150,No
143,5,12,209.0,150,No
143,6,3,181.9,150,No
143,7,10,108.3,150,Yes
143,8,14,79.1,150,Yes
143,9,2,111.6,150,Yes
143,10,7,108.3,150,Yes
143,11,27,130.7,150,Yes
143,12,21,104.2,150,Yes
143,13,26,86.3,150,Yes
143,14,8,79.1,150,Yes
143,15,19,139.7,150,Yes
143,16,10,126.3,150,Yes
143,17,7,118.5,150,Yes
143,18,19,174.6,150,No
143,19,15,139.7,150,Yes
143,20,21,40.0,150,Yes
143,21,20,40.0,150,Yes
143,22,25,57.3,150,Yes
143,23,16,253.0,150,No
143,24,27,47.1,150,Yes
143,25,22,57.3,150,Yes
143,26,25,59.9,150,Yes
143,27,24,47.1,150,Yes
144,0,11,224.4,150,No
144,1,22,341.7,150,No
144,2,11,111.2,150,Yes
144,3,14,161.9,150,No
144,4,15,155.0,150,No
144,5,4,180.2,150,No
144,6,14,212.5,150,No
144,7,21,78.5,150,Yes
144,8,9,103.9,150,Yes
144,9,8,103.9,150,Yes
144,10,18,174.0,150,No
144,11,2,111.2,150,Yes
144,12,27,134.6,150,Yes
144,13,9,133.1,150,Yes
144,14,20,104.2,150,Yes
144,15,26,86.1,150,Yes
144,16,18,143.5,150,Yes
144,17,20,42.1,150,Yes
144,18,16,143.5,150,Yes
144,19,8,117.5,150,Yes
144,20,17,42.1,150,Yes
144,21,7,78.5,150,Yes
144,22,25,56.9,150,Yes
144,23,27,47.0,150,Yes
144,24,13,254.2,150,No
144,25,22,56.9,150,Yes
144,26,25,58.7,150,Yes
144,27,23,47.0,150,Yes
145,0,8,224.1,150,No
145,1,23,344.6,150,No
145,2,8,109.0,150,Yes
145,3,12,151.0,150,No
145,4,3,183.0,150,No
145,5,20,159.7,150,No
145,6,21,81.3,150,Yes
145,7,20,214.4,150,No
145,8,2,109.0,150,Yes
145,9,10,100.5,150,Yes
145,10,9,100.5,150,Yes
145,11,14,172.3,150,No
145,12,26,86.0,150,Yes
145,13,27,136.9,150,Yes
145,14,17,143.2,150,Yes
145,15,10,139.0,150,Yes
145,16,9,118.1,150,Yes
145,17,14,143.2,150,Yes
145,18,24,41.0,150,Yes
145,19,23,56.5,150,Yes
145,20,24,105.2,150,Yes
145,21,6,81.3,150,Yes
145,22,27,46.0,150,Yes
145,23,19,56.5,150,Yes
145,24,18,41.0,150,Yes
145,25,15,253.3,150,No
145,26,19,58.5,150,Yes
145,27,22,46.0,150,Yes
146,0,6,225.3,150,No
146,1,24,345.1,150,No
146,2,6,107.2,150,Yes
146,3,13,151.0,150,No
146,4,3,182.0,150,No
146,5,21,83.9,150,Yes
146,6,2,107.2,150,Yes
146,7,22,163.2,150,No
146,8,9,98.5,150,Yes
146,9,8,98.5,150,Yes
146,10,22,222.3,150,No
146,11,15,171.7,150,No
146,12,25,138.9,150,Yes
146,13,27,86.1,150,Yes
146,14,9,140.2,150,Yes
146,15,18,143.2,150,Yes
146,16,8,119.3,150,Yes
146,17,24,56.1,150,Yes
146,18,15,143.2,150,Yes
146,19,25,45.0,150,Yes
146,20,23,40.1,150,Yes
146,21,5,83.9,150,Yes
146,22,23,100.4,150,Yes
146,23,20,40.1,150,Yes
146,24,17,56.1,150,Yes
146,25,19,45.0,150,Yes
146,26,14,253.0,150,No
146,27,17,59.4,150,Yes
147,0,6,222.9,150,No
147,1,23,344.8,150,No
147,2,6,108.0,150,Yes
147,3,13,151.0,150,No
147,4,3,180.7,150,No
147,5,20,84.9,150,Yes
147,6,2,108.0,150,Yes
147,7,18,165.4,150,No
147,8,10,96.5,150,Yes
147,9,18,220.8,150,No
147,10,8,96.5,150,Yes
147,11,25,138.9,150,Yes
147,12,16,170.7,150,No
147,13,26,86.1,150,Yes
147,14,10,143.1,150,Yes
147,15,8,121.3,150,Yes
147,16,19,147.1,150,Yes
147,17,23,57.4,150,Yes
147,18,24,101.3,150,Yes
147,19,16,147.1,150,Yes
147,20,5,84.9,150,Yes
147,21,25,44.0,150,Yes
147,22,24,40.1,150,Yes
147,23,17,57.4,150,Yes
147,24,22,40.1,150,Yes
147,25,21,44.0,150,Yes
147,26,17,58.5,150,Yes
147,27,14,253.5,150,No
148,0,10,106.9,150,Yes
148,1,22,346.7,150,No
148,2,10,221.9,150,No
148,3,9,94.0,150,Yes
148,4,15,155.0,150,No
148,5,12,168.8,150,No
148,6,20,86.7,150,Yes
148,7,4,180.1,150,No
148,8,12,225.3,150,No
148,9,3,94.0,150,Yes
148,10,0,106.9,150,Yes
148,11,26,140.8,150,Yes
148,12,24,103.4,150,Yes
148,13,9,147.0,150,Yes
148,14,19,170.3,150,No
148,15,23,86.2,150,Yes
148,16,22,56.4,150,Yes
148,17,3,122.1,150,Yes
148,18,26,41.0,150,Yes
148,19,21,151.1,150,No
148,20,6,86.7,150,Yes
148,21,19,151.1,150,No
148,22,16,56.4,150,Yes
148,23,16,59.7,150,Yes
148,24,25,38.5,150,Yes
148,25,24,38.5,150,Yes
148,26,18,41.0,150,Yes
148,27,13,256.9,150,No
148,28,20,113.7,150,Yes
149,0,9,109.7,150,Yes
149,1,23,348.6,150,No
149,2,9,219.8,150,No
149,3,28,150.9,150,No
149,4,12,161.0,150,No
149,5,14,170.0,150,No
149,6,7,93.2,150,Yes
149,7,6,93.2,150,Yes
149,8,20,85.2,150,Yes
149,9,0,109.7,150,Yes
149,10,4,177.0,150,No
149,11,24,141.2,150,Yes
149,12,27,86.3,150,Yes
149,13,21,155.1,150,No
149,14,22,104.5,150,Yes
149,15,7,148.8,150,Yes
149,16,6,124.1,150,Yes
149,17,24,41.0,150,Yes
149,18,23,56.4,150,Yes
149,19,21,169.3,150,No
149,20,8,85.2,150,Yes
149,21,13,155.1,150,No
149,22,25,41.4,150,Yes
149,23,18,56.4,150,Yes
149,24,17,41.0,150,Yes
149,25,22,41.4,150,Yes
149,26,15,255.7,150,No
149,27,18,59.4,150,Yes
149,28,3,150.9,150,No
150,0,6,110.6,150,Yes
150,1,6,218.7,150,No
150,2,21,348.4,150,No
150,3,13,222.8,150,No
150,4,5,175.2,150,No
150,5,14,166.1,150,No
150,6,0,110.6,150,Yes
150,7,13,170.8,150,No
150,8,9,92.8,150,Yes
150,9,8,92.8,150,Yes
150,10,19,82.9,150,Yes
150,11,27,142.0,150,Yes
150,12,25,155.1,150,No
150,13,22,106.6,150,Yes
150,14,26,84.5,150,Yes
150,15,9,150.7,150,No
150,16,8,126.7,150,Yes
150,17,25,170.9,150,No
150,18,21,57.3,150,Yes
150,19,10,82.9,150,Yes
150,20,27,40.0,150,Yes
150,21,18,57.3,150,Yes
150,22,23,35.4,150,Yes
150,23,22,35.4,150,Yes
150,24,15,253.2,150,No
150,25,12,155.1,150,No
150,26,18,59.7,150,Yes
150,27,20,40.0,150,Yes
150,28,19,114.0,150,Yes
151,0,21,349.0,150,No
151,1,7,110.4,150,Yes
151,2,28,149.8,150,Yes
151,3,7,221.0,150,No
151,4,5,175.6,150,No
151,5,15,170.1,150,No
151,6,14,169.7,150,No
151,7,1,110.4,150,Yes
151,8,11,91.7,150,Yes
151,9,19,84.6,150,Yes
151,10,27,142.4,150,Yes
151,11,8,91.7,150,Yes
151,12,18,169.3,150,No
151,13,18,157.1,150,No
151,14,23,108.6,150,Yes
151,15,25,85.5,150,Yes
151,16,8,150.5,150,No
151,17,1,124.3,150,Yes
151,18,13,157.1,150,No
151,19,9,84.6,150,Yes
151,20,25,56.5,150,Yes
151,21,20,58.2,150,Yes
151,22,23,43.4,150,Yes
151,23,22,43.4,150,Yes
151,24,27,40.0,150,Yes
151,25,20,56.5,150,Yes
151,26,16,250.4,150,No
151,27,24,40.0,150,Yes
151,28,2,149.8,150,Yes
152,0,8,222.8,150,No
152,1,20,345.5,150,No
152,2,8,108.9,150,Yes
152,3,16,170.7,150,No
152,4,16,225.3,150,No
152,5,14,170.2,150,No
152,6,5,173.0,150,No
152,7,11,91.0,150,Yes
152,8,2,108.9,150,Yes
152,9,27,142.8,150,Yes
152,10,21,80.6,150,Yes
152,11,7,91.0,150,Yes
152,12,15,170.1,150,No
152,13,11,155.3,150,No
152,14,25,83.9,150,Yes
152,15,18,160.0,150,No
152,16,23,102.6,150,Yes
152,17,8,121.8,150,Yes
152,18,15,160.0,150,No
152,19,23,42.1,150,Yes
152,20,24,57.0,150,Yes
152,21,10,80.6,150,Yes
152,22,13,251.7,150,No
152,23,19,42.1,150,Yes
152,24,20,57.0,150,Yes
152,25,24,58.2,150,Yes
152,26,27,39.1,150,Yes
152,27,26,39.1,150,Yes
153,0,18,350.8,150,No
153,1,8,223.8,150,No
153,2,8,111.3,150,Yes
153,3,4,169.9,150,No
153,4,3,169.9,150,No
153,5,26,173.2,150,No
153,6,26,224.7,150,No
153,7,11,89.3,150,Yes
153,8,2,111.3,150,Yes
153,9,21,81.9,150,Yes
153,10,27,146.7,150,Yes
153,11,7,89.3,150,Yes
153,12,13,169.8,150,No
153,13,12,169.8,150,No
153,14,11,162.2,150,No
153,15,16,44.0,150,Yes
153,16,15,44.0,150,Yes
153,17,24,83.5,150,Yes
153,18,19,57.4,150,Yes
153,19,24,57.1,150,Yes
153,20,12,172.0,150,No
153,21,9,81.9,150,Yes
153,22,8,116.7,150,Yes
153,23,14,248.4,150,No
153,24,19,57.1,150,Yes
153,25,27,39.1,150,Yes
153,26,15,100.5,150,Yes
153,27,25,39.1,150,Yes
154,0,16,353.9,150,No
154,1,15,170.6,150,No
154,2,8,114.8,150,Yes
154,3,26,213.5,150,No
154,4,8,224.8,150,No
154,5,26,172.0,150,No
154,6,1,170.6,150,No
154,7,11,87.7,150,Yes
154,8,2,114.8,150,Yes
154,9,20,81.0,150,Yes
154,10,13,168.6,150,No
154,11,7,87.7,150,Yes
154,12,25,173.0,150,No
154,13,10,168.6,150,No
154,14,10,176.0,150,No
154,15,24,83.7,150,Yes
154,16,19,58.3,150,Yes
154,17,11,171.1,150,No
154,18,22,44.0,150,Yes
154,19,24,57.3,150,Yes
154,20,9,81.0,150,Yes
154,21,8,118.1,150,Yes
154,22,18,44.0,150,Yes
154,23,17,248.2,150,No
154,24,19,57.3,150,Yes
154,25,20,110.5,150,Yes
154,26,22,114.5,150,Yes
155,0,18,359.6,150,No
155,1,19,165.6,150,No
155,2,7,116.3,150,Yes
155,3,26,173.0,150,No
155,4,1,173.2,150,No
155,5,7,225.0,150,No
155,6,11,86.8,150,Yes
155,7,21,116.0,150,Yes
155,8,26,214.5,150,No
155,9,13,168.1,150,No
155,10,22,81.9,150,Yes
155,11,6,86.8,150,Yes
155,12,25,176.2,150,No
155,13,9,168.1,150,No
155,14,9,180.0,150,No
155,15,16,44.0,150,Yes
155,16,15,44.0,150,Yes
155,17,11,176.1,150,No
155,18,20,57.4,150,Yes
155,19,24,85.4,150,Yes
155,20,18,57.4,150,Yes
155,21,7,116.0,150,Yes
155,22,10,81.9,150,Yes
155,23,17,247.3,150,No
155,24,20,58.2,150,Yes
155,25,22,109.4,150,Yes
155,26,16,119.5,150,Yes
156,0,19,361.3,150,No
156,1,17,162.6,150,No
156,2,26,221.7,150,No
156,3,9,120.0,150,Yes
156,4,26,173.0,150,No
156,5,1,173.0,150,No
156,6,9,226.9,150,No
156,7,13,88.2,150,Yes
156,8,25,178.9,150,No
156,9,16,113.2,150,Yes
156,10,12,166.4,150,No
156,11,23,79.2,150,Yes
156,12,10,166.4,150,No
156,13,7,88.2,150,Yes
156,14,15,45.1,150,Yes
156,15,14,45.1,150,Yes
156,16,9,113.2,150,Yes
156,17,24,86.4,150,Yes
156,18,24,57.3,150,Yes
156,19,18,58.7,150,Yes
156,20,10,182.0,150,No
156,21,13,184.0,150,No
156,22,21,246.0,150,No
156,23,11,79.2,150,Yes
156,24,18,57.3,150,Yes
156,25,23,110.5,150,Yes
156,26,14,116.4,150,Yes
157,0,20,363.6,150,No
157,1,16,157.5,150,No
157,2,14,217.1,150,No
157,3,2,328.4,150,No
157,4,9,121.1,150,Yes
157,5,1,174.3,150,No
157,6,9,228.4,150,No
157,7,12,166.7,150,No
157,8,24,179.7,150,No
157,9,17,109.8,150,Yes
157,10,13,89.1,150,Yes
157,11,23,81.0,150,Yes
157,12,7,166.7,150,No
157,13,10,89.1,150,Yes
157,14,15,45.1,150,Yes
157,15,14,45.1,150,Yes
157,16,25,90.5,150,Yes
157,17,9,109.8,150,Yes
157,18,12,185.1,150,No
157,19,13,187.0,150,No
157,20,21,56.9,150,Yes
157,21,20,56.9,150,Yes
157,22,19,246.0,150,No
157,23,11,81.0,150,Yes
157,24,23,109.8,150,Yes
157,25,21,58.5,150,Yes
158,0,12,155.9,150,No
158,1,20,372.6,150,No
158,2,7,128.6,150,Yes
158,3,25,232.8,150,No
158,4,11,218.3,150,No
158,5,25,178.2,150,No
158,6,0,178.1,150,No
158,7,16,101.6,150,Yes
158,8,11,89.1,150,Yes
158,9,26,183.6,150,No
158,10,22,81.4,150,Yes
158,11,8,89.1,150,Yes
158,12,24,89.9,150,Yes
158,13,14,164.8,150,No
158,14,13,164.8,150,No
158,15,21,47.0,150,Yes
158,16,7,101.6,150,Yes
158,17,20,56.9,150,Yes
158,18,11,195.0,150,No
158,19,13,189.2,150,No
158,20,17,56.9,150,Yes
158,21,15,47.0,150,Yes
158,22,10,81.4,150,Yes
158,23,18,245.1,150,No
158,24,17,57.7,150,Yes
158,25,15,117.6,150,Yes
158,26,22,112.8,150,Yes
159,0,8,134.3,150,Yes
159,1,11,155.7,150,No
159,2,19,374.9,150,No
159,3,10,212.1,150,No
159,4,24,237.6,150,No
159,5,1,183.5,150,No
159,6,24,179.3,150,No
159,7,10,90.3,150,Yes
159,8,16,96.8,150,Yes
159,9,26,185.0,150,No
159,10,7,90.3,150,Yes
159,11,25,91.2,150,Yes
159,12,14,189.3,150,No
159,13,21,81.4,150,Yes
159,14,18,166.0,150,No
159,15,20,49.0,150,Yes
159,16,8,96.8,150,Yes
159,17,19,56.9,150,Yes
159,18,14,166.0,150,No
159,19,17,56.9,150,Yes
159,20,15,49.0,150,Yes
159,21,13,81.4,150,Yes
159,22,23,243.7,150,No
159,23,10,197.0,150,No
159,24,15,116.7,150,Yes
159,25,17,57.7,150,Yes
159,26,21,113.2,150,Yes
160,0,11,204.6,150,No
160,1,8,140.9,150,Yes
160,2,21,377.6,150,No
160,3,12,161.0,150,No
160,4,23,242.2,150,No
160,5,3,188.3,150,No
160,6,23,181.3,150,No
160,7,11,91.4,150,Yes
160,8,15,89.7,150,Yes
160,9,17,191.4,150,No
160,10,26,185.3,150,No
160,11,7,91.4,150,Yes
160,12,25,87.7,150,Yes
160,13,20,83.3,150,Yes
160,14,18,49.0,150,Yes
160,15,8,89.7,150,Yes
160,16,17,166.0,150,No
160,17,16,166.0,150,No
160,18,14,49.0,150,Yes
160,19,25,56.5,150,Yes
160,20,13,83.3,150,Yes
160,21,19,56.9,150,Yes
160,22,24,243.7,150,No
160,23,14,114.7,150,Yes
160,24,11,199.0,150,No
160,25,19,56.5,150,Yes
160,26,20,113.1,150,Yes
161,0,18,144.4,150,Yes
161,1,16,243.1,150,No
161,2,25,314.6,150,No
161,3,12,163.9,150,No
161,4,11,197.1,150,No
161,5,3,196.2,150,No
161,6,16,182.4,150,No
161,7,11,91.7,150,Yes
161,8,27,186.1,150,No
161,9,18,88.1,150,Yes
161,10,15,195.4,150,No
161,11,7,91.7,150,Yes
161,12,26,90.2,150,Yes
161,13,17,49.1,150,Yes
161,14,20,82.3,150,Yes
161,15,23,165.2,150,No
161,16,13,115.7,150,Yes
161,17,13,49.1,150,Yes
161,18,9,88.1,150,Yes
161,19,24,243.7,150,No
161,20,14,82.3,150,Yes
161,21,26,56.3,150,Yes
161,22,21,57.4,150,Yes
161,23,15,165.2,150,No
161,24,11,199.0,150,No
161,25,2,314.6,150,No
161,26,21,56.3,150,Yes
161,27,20,113.1,150,Yes
162,0,18,143.4,150,Yes
162,1,19,311.6,150,No
162,2,16,246.0,150,No
162,3,15,167.7,150,No
162,4,12,191.0,150,No
162,5,16,182.3,150,No
162,6,15,196.1,150,No
162,7,12,91.8,150,Yes
162,8,18,85.2,150,Yes
162,9,27,187.2,150,No
162,10,13,46.1,150,Yes
162,11,24,164.6,150,No
162,12,7,91.8,150,Yes
162,13,10,46.1,150,Yes
162,14,22,81.9,150,Yes
162,15,26,92.1,150,Yes
162,16,10,113.0,150,Yes
162,17,11,197.4,150,No
162,18,8,85.2,150,Yes
162,19,1,311.6,150,No
162,20,25,243.7,150,No
162,21,23,55.5,150,Yes
162,22,14,81.9,150,Yes
162,23,21,55.5,150,Yes
162,24,11,164.6,150,No
162,25,12,200.0,150,No
162,26,21,58.2,150,Yes
162,27,22,111.8,150,Yes
163,0,22,302.9,150,No
163,1,10,249.2,150,No
163,2,18,141.6,150,Yes
163,3,12,187.3,150,No
163,4,9,176.6,150,No
163,5,9,195.5,150,No
163,6,10,184.5,150,No
163,7,12,92.4,150,Yes
163,8,18,80.7,150,Yes
163,9,20,138.9,150,Yes
163,10,13,111.5,150,Yes
163,11,25,188.4,150,No
163,12,7,92.4,150,Yes
163,13,15,44.1,150,Yes
163,14,17,165.8,150,No
163,15,13,44.1,150,Yes
163,16,21,77.9,150,Yes
163,17,14,165.8,150,No
163,18,8,80.7,150,Yes
163,19,14,198.6,150,No
163,20,24,56.5,150,Yes
163,21,16,77.9,150,Yes
163,22,0,302.9,150,No
163,23,26,241.5,150,No
163,24,20,56.5,150,Yes
163,25,21,114.0,150,Yes
163,26,7,203.9,150,No
164,0,9,246.8,150,No
164,1,24,303.6,150,No
164,2,12,181.7,150,No
164,3,16,141.4,150,Yes
164,4,11,183.1,150,No
164,5,12,196.2,150,No
164,6,9,184.2,150,No
164,7,11,95.2,150,Yes
164,8,16,83.2,150,Yes
164,9,15,115.6,150,Yes
164,10,25,188.7,150,No
164,11,7,95.2,150,Yes
164,12,17,138.2,150,Yes
164,13,22,164.8,150,No
164,14,18,76.1,150,Yes
164,15,20,45.2,150,Yes
164,16,8,83.2,150,Yes
164,17,23,56.1,150,Yes
164,18,14,76.1,150,Yes
164,19,13,201.6,150,No
164,20,15,45.2,150,Yes
164,21,26,236.2,150,No
164,22,13,164.8,150,No
164,23,17,56.1,150,Yes
164,24,1,303.6,150,No
164,25,18,114.9,150,Yes
164,26,7,204.4,150,No
165,0,16,139.7,150,Yes
165,1,12,185.6,150,No
165,2,20,302.1,150,No
165,3,10,244.2,150,No
165,4,8,178.1,150,No
165,5,12,194.6,150,No
165,6,8,97.7,150,Yes
165,7,10,186.3,150,No
165,8,6,97.7,150,Yes
165,9,16,84.0,150,Yes
165,10,15,118.5,150,Yes
165,11,19,73.3,150,Yes
165,12,27,92.7,150,Yes
165,13,25,187.8,150,No
165,14,21,165.3,150,No
165,15,24,45.3,150,Yes
165,16,9,84.0,150,Yes
165,17,22,54.8,150,Yes
165,18,14,203.6,150,No
165,19,11,73.3,150,Yes
165,20,2,302.1,150,No
165,21,14,165.3,150,No
165,22,17,54.8,150,Yes
165,23,26,235.3,150,No
165,24,15,45.3,150,Yes
165,25,19,114.1,150,Yes
165,26,6,201.3,150,No
165,27,17,57.3,150,Yes
166,0,16,140.9,150,Yes
166,1,15,307.3,150,No
166,2,4,173.1,150,No
166,3,12,184.5,150,No
166,4,5,102.9,150,Yes
166,5,4,102.9,150,Yes
166,6,12,193.8,150,No
166,7,16,83.4,150,Yes
166,8,13,188.7,150,No
166,9,24,191.8,150,No
166,10,13,242.0,150,No
166,11,22,73.3,150,Yes
166,12,27,94.4,150,Yes
166,13,14,121.7,150,Yes
166,14,17,46.3,150,Yes
166,15,1,307.3,150,No
166,16,7,83.4,150,Yes
166,17,14,46.3,150,Yes
166,18,20,165.5,150,No
166,19,28,31.8,150,Yes
166,20,18,165.5,150,No
166,21,19,55.7,150,Yes
166,22,11,73.3,150,Yes
166,23,26,232.2,150,No
166,24,22,111.9,150,Yes
166,25,20,208.5,150,No
166,26,5,201.0,150,No
166,27,28,36.7,150,Yes
166,28,19,31.8,150,Yes
167,0,4,168.2,150,No
167,1,22,145.7,150,Yes
167,2,15,318.6,150,No
167,3,11,183.5,150,No
167,4,7,106.9,150,Yes
167,5,11,192.3,150,No
167,6,13,239.7,150,No
167,7,4,106.9,150,Yes
167,8,24,193.8,150,No
167,9,13,189.7,150,No
167,10,22,83.9,150,Yes
167,11,27,96.8,150,Yes
167,12,17,72.0,150,Yes
167,13,16,124.1,150,Yes
167,14,26,162.8,150,No
167,15,2,318.6,150,No
167,16,21,44.2,150,Yes
167,17,12,72.0,150,Yes
167,18,19,55.2,150,Yes
167,19,18,55.2,150,Yes
167,20,25,228.7,150,No
167,21,16,44.2,150,Yes
167,22,10,83.9,150,Yes
167,23,26,217.5,150,No
167,24,17,112.4,150,Yes
167,25,7,201.6,150,No
167,26,14,162.8,150,No
167,27,19,59.4,150,Yes
168,0,4,158.1,150,No
168,1,25,151.6,150,No
168,2,11,174.6,150,No
168,3,9,338.0,150,No
168,4,8,113.8,150,Yes
168,5,15,247.9,150,No
168,6,11,190.1,150,No
168,7,15,194.8,150,No
168,8,4,113.8,150,Yes
168,9,3,338.0,150,No
168,10,25,92.1,150,Yes
168,11,27,102.6,150,Yes
168,12,21,73.4,150,Yes
168,13,8,187.3,150,No
168,14,23,163.6,150,No
168,15,17,125.3,150,Yes
168,16,17,44.0,150,Yes
168,17,16,44.0,150,Yes
168,18,23,226.4,150,No
168,19,20,55.5,150,Yes
168,20,19,55.5,150,Yes
168,21,12,73.4,150,Yes
168,22,24,228.9,150,No
168,23,14,163.6,150,No
168,24,8,201.9,150,No
168,25,10,92.1,150,Yes
168,26,21,110.9,150,Yes
168,27,20,58.2,150,Yes
169,0,6,154.2,150,No
169,1,16,197.8,150,No
169,2,13,171.6,150,No
169,3,24,150.6,150,No
169,4,16,250.2,150,No
169,5,8,340.4,150,No
169,6,9,116.0,150,Yes
169,7,13,188.9,150,No
169,8,5,340.4,150,No
169,9,6,116.0,150,Yes
169,10,21,74.2,150,Yes
169,11,9,185.6,150,No
169,12,24,91.0,150,Yes
169,13,28,106.1,150,Yes
169,14,22,162.6,150,No
169,15,17,46.0,150,Yes
169,16,15,129.1,150,Yes
169,17,15,46.0,150,Yes
169,18,22,228.6,150,No
169,19,20,56.9,150,Yes
169,20,19,56.9,150,Yes
169,21,10,74.2,150,Yes
169,22,14,162.6,150,No
169,23,26,229.0,150,No
169,24,12,91.0,150,Yes
169,25,27,43.3,150,Yes
169,26,9,203.7,150,No
169,27,25,43.3,150,Yes
169,28,20,57.5,150,Yes
170,0,5,149.0,150,Yes
170,1,20,148.6,150,Yes
170,2,10,168.7,150,No
170,3,14,198.4,150,No
170,4,9,343.4,150,No
170,5,7,117.2,150,Yes
170,6,10,189.3,150,No
170,7,5,117.2,150,Yes
170,8,14,251.1,150,No
170,9,4,343.4,150,No
170,10,27,108.9,150,Yes
170,11,22,76.5,150,Yes
170,12,7,184.7,150,No
170,13,20,91.7,150,Yes
170,14,18,131.0,150,Yes
170,15,24,228.6,150,No
170,16,18,48.0,150,Yes
170,17,19,55.5,150,Yes
170,18,16,48.0,150,Yes
170,19,17,55.5,150,Yes
170,20,13,91.7,150,Yes
170,21,24,162.5,150,No
170,22,11,76.5,150,Yes
170,23,25,227.3,150,No
170,24,21,162.5,150,No
170,25,7,204.2,150,No
170,26,28,44.2,150,Yes
170,27,19,58.2,150,Yes
170,28,26,44.2,150,Yes
171,0,9,348.6,150,No
171,1,14,167.8,150,No
171,2,11,200.9,150,No
171,3,18,152.3,150,No
171,4,11,255.3,150,No
171,5,7,120.0,150,Yes
171,6,14,191.0,150,No
171,7,5,120.0,150,Yes
171,8,5,143.8,150,Yes
171,9,0,348.6,150,No
171,10,23,76.9,150,Yes
171,11,16,126.9,150,Yes
171,12,18,94.4,150,Yes
171,13,7,182.8,150,No
171,14,20,148.5,150,Yes
171,15,16,47.0,150,Yes
171,16,15,47.0,150,Yes
171,17,24,232.8,150,No
171,18,12,94.4,150,Yes
171,19,20,56.5,150,Yes
171,20,19,56.5,150,Yes
171,21,22,228.6,150,No
171,22,7,202.4,150,No
171,23,10,76.9,150,Yes
171,24,25,160.7,150,No
171,25,24,160.7,150,No
171,26,27,44.1,150,Yes
171,27,26,44.1,150,Yes
172,0,23,156.3,150,No
172,1,10,352.7,150,No
172,2,16,258.1,150,No
172,3,5,136.5,150,Yes
172,4,14,162.8,150,No
172,5,8,123.6,150,Yes
172,6,16,201.2,150,No
172,7,14,192.2,150,No
172,8,5,123.6,150,Yes
172,9,23,94.6,150,Yes
172,10,1,352.7,150,No
172,11,26,234.9,150,No
172,12,20,79.2,150,Yes
172,13,8,182.5,150,No
172,14,28,114.2,150,Yes
172,15,17,47.0,150,Yes
172,16,15,128.1,150,Yes
172,17,15,47.0,150,Yes
172,18,22,55.2,150,Yes
172,19,8,202.1,150,No
172,20,12,79.2,150,Yes
172,21,19,227.7,150,No
172,22,18,55.2,150,Yes
172,23,9,94.6,150,Yes
172,24,27,44.1,150,Yes
172,25,26,159.7,150,No
172,26,25,159.7,150,No
172,27,24,44.1,150,Yes
172,28,22,60.2,150,Yes
172,29,27,139.7,150,Yes
173,0,9,350.0,150,No
173,1,24,158.6,150,No
173,2,16,204.9,150,No
173,3,8,125.2,150,Yes
173,4,13,168.1,150,No
173,5,13,194.6,150,No
173,6,8,126.6,150,Yes
173,7,16,268.7,150,No
173,8,3,125.2,150,Yes
173,9,0,350.0,150,No
173,10,24,93.8,150,Yes
173,11,6,183.7,150,No
173,12,18,80.5,150,Yes
173,13,23,153.2,150,No
173,14,26,159.7,150,No
173,15,17,50.0,150,Yes
173,16,17,127.7,150,Yes
173,17,15,50.0,150,Yes
173,18,12,80.5,150,Yes
173,19,26,238.3,150,No
173,20,27,45.0,150,Yes
173,21,25,227.5,150,No
173,22,23,55.9,150,Yes
173,23,22,55.9,150,Yes
173,24,10,93.8,150,Yes
173,25,6,204.7,150,No
173,26,14,159.7,150,No
173,27,20,45.0,150,Yes
173,28,27,138.3,150,Yes
174,0,13,346.2,150,No
174,1,18,152.6,150,No
174,2,15,209.3,150,No
174,3,11,175.0,150,No
174,4,9,121.2,150,Yes
174,5,11,195.8,150,No
174,6,9,128.4,150,Yes
174,7,15,272.0,150,No
174,8,18,97.1,150,Yes
174,9,4,121.2,150,Yes
174,10,6,182.1,150,No
174,11,23,153.7,150,No
174,12,16,50.1,150,Yes
174,13,0,346.2,150,No
174,14,17,80.5,150,Yes
174,15,12,126.4,150,Yes
174,16,12,50.1,150,Yes
174,17,14,80.5,150,Yes
174,18,8,97.1,150,Yes
174,19,26,159.2,150,No
174,20,21,226.6,150,No
174,21,6,203.4,150,No
174,22,27,44.0,150,Yes
174,23,25,56.5,150,Yes
174,24,26,239.5,150,No
174,25,23,56.5,150,Yes
174,26,19,159.2,150,No
174,27,22,44.0,150,Yes
174,28,27,140.2,150,Yes
175,0,16,149.6,150,Yes
175,1,12,343.4,150,No
175,2,7,180.1,150,No
175,3,14,210.0,150,No
175,4,8,115.9,150,Yes
175,5,14,272.0,150,No
175,6,7,197.7,150,No
175,7,25,154.2,150,No
175,8,4,115.9,150,Yes
175,9,16,100.8,150,Yes
175,10,8,133.7,150,Yes
175,11,10,181.6,150,No
175,12,1,343.4,150,No
175,13,18,50.0,150,Yes
175,14,13,126.4,150,Yes
175,15,26,157.9,150,No
175,16,9,100.8,150,Yes
175,17,21,78.9,150,Yes
175,18,13,50.0,150,Yes
175,19,26,242.5,150,No
175,20,23,227.5,150,No
175,21,17,78.9,150,Yes
175,22,27,44.0,150,Yes
175,23,10,202.6,150,No
175,24,25,55.5,150,Yes
175,25,24,55.5,150,Yes
175,26,15,157.9,150,No
175,27,22,44.0,150,Yes
175,28,29,59.0,150,Yes
175,29,28,59.0,150,Yes
176,0,16,145.6,150,Yes
176,1,9,340.0,150,No
176,2,14,212.2,150,No
176,3,6,182.3,150,No
176,4,14,274.2,150,No
176,5,10,113.0,150,Yes
176,6,23,156.2,150,No
176,7,16,101.5,150,Yes
176,8,6,197.5,150,No
176,9,1,340.0,150,No
176,10,5,113.0,150,Yes
176,11,7,137.9,150,Yes
176,12,11,179.6,150,No
176,13,22,78.4,150,Yes
176,14,15,126.4,150,Yes
176,15,19,50.0,150,Yes
176,16,7,101.5,150,Yes
176,17,24,157.9,150,No
176,18,11,201.3,150,No
176,19,15,50.0,150,Yes
176,20,13,244.5,150,No
176,21,18,224.3,150,No
176,22,13,78.4,150,Yes
176,23,25,54.6,150,Yes
176,24,17,157.9,150,No
176,25,23,54.6,150,Yes
176,26,27,44.0,150,Yes
176,27,26,44.0,150,Yes
177,0,18,139.7,150,Yes
177,1,10,338.0,150,No
177,2,6,187.4,150,No
177,3,12,110.9,150,Yes
177,4,13,214.8,150,No
177,5,13,274.0,150,No
177,6,21,155.3,150,No
177,7,6,197.7,150,No
177,8,18,106.0,150,Yes
177,9,11,177.2,150,No
177,10,1,338.0,150,No
177,11,8,140.6,150,Yes
177,12,3,110.9,150,Yes
177,13,15,127.3,150,Yes
177,14,23,78.0,150,Yes
177,15,17,51.0,150,Yes
177,16,22,157.4,150,No
177,17,15,51.0,150,Yes
177,18,8,106.0,150,Yes
177,19,11,197.9,150,No
177,20,19,224.9,150,No
177,21,24,55.2,150,Yes
177,22,16,157.4,150,No
177,23,14,78.0,150,Yes
177,24,21,55.2,150,Yes
177,25,23,102.3,150,Yes
177,26,14,243.2,150,No
178,0,14,194.6,150,No
178,1,18,131.6,150,Yes
178,2,13,273.4,150,No
178,3,6,337.0,150,No
178,4,8,103.6,150,Yes
178,5,13,219.3,150,No
178,6,3,337.0,150,No
178,7,11,173.6,150,No
178,8,4,103.6,150,Yes
178,9,14,196.5,150,No
178,10,18,112.5,150,Yes
178,11,10,147.9,150,Yes
178,12,24,155.6,150,No
178,13,20,127.4,150,Yes
178,14,19,155.9,150,No
178,15,11,195.0,150,No
178,16,20,51.0,150,Yes
178,17,25,71.9,150,Yes
178,18,10,112.5,150,Yes
178,19,22,55.5,150,Yes
178,20,16,51.0,150,Yes
178,21,15,222.5,150,No
178,22,19,55.5,150,Yes
178,23,17,238.2,150,No
178,24,12,155.6,150,No
178,25,17,71.9,150,Yes
178,26,25,102.9,150,Yes
179,0,8,339.6,150,No
179,1,15,196.6,150,No
179,2,10,271.4,150,No
179,3,18,138.7,150,Yes
179,4,7,102.1,150,Yes
179,5,13,170.8,150,No
179,6,10,223.4,150,No
179,7,4,102.1,150,Yes
179,8,0,339.6,150,No
179,9,18,111.7,150,Yes
179,10,20,133.7,150,Yes
179,11,19,156.5,150,No
179,12,15,196.5,150,No
179,13,9,149.8,150,Yes
179,14,13,195.9,150,No
179,15,24,155.3,150,No
179,16,25,71.9,150,Yes
179,17,20,48.3,150,Yes
179,18,9,111.7,150,Yes
179,19,11,156.5,150,No
179,20,17,48.3,150,Yes
179,21,14,222.0,150,No
179,22,24,55.0,150,Yes
179,23,16,233.4,150,No
179,24,22,55.0,150,Yes
179,25,16,71.9,150,Yes
179,26,27,42.0,150,Yes
179,27,26,42.0,150,Yes
180,0,14,193.0,150,No
180,1,8,268.5,150,No
180,2,6,347.2,150,No
180,3,5,96.6,150,Yes
180,4,17,140.5,150,Yes
180,5,3,96.6,150,Yes
180,6,2,347.2,150,No
180,7,8,226.3,150,No
180,8,21,138.8,150,Yes
180,9,17,116.0,150,Yes
180,10,13,168.6,150,No
180,11,14,197.7,150,No
180,12,18,155.2,150,No
180,13,9,155.1,150,No
180,14,24,156.7,150,No
180,15,25,70.3,150,Yes
180,16,13,194.2,150,No
180,17,9,116.0,150,Yes
180,18,12,155.2,150,No
180,19,21,48.3,150,Yes
180,20,16,219.2,150,No
180,21,19,48.3,150,Yes
180,22,15,230.8,150,No
180,23,24,55.9,150,Yes
180,24,23,55.9,150,Yes
180,25,15,70.3,150,Yes
180,26,25,101.5,150,Yes
181,0,8,270.7,150,No
181,1,16,144.9,150,Yes
181,2,11,187.6,150,No
181,3,5,353.0,150,No
181,4,7,94.2,150,Yes
181,5,3,353.0,150,No
181,6,20,224.7,150,No
181,7,4,94.2,150,Yes
181,8,24,140.7,150,Yes
181,9,19,154.7,150,No
181,10,16,117.7,150,Yes
181,11,27,158.5,150,No
181,12,11,201.2,150,No
181,13,10,154.1,150,No
181,14,13,167.6,150,No
181,15,22,73.2,150,Yes
181,16,10,117.7,150,Yes
181,17,24,47.5,150,Yes
181,18,13,193.7,150,No
181,19,9,154.7,150,No
181,20,18,220.4,150,No
181,21,27,37.5,150,Yes
181,22,15,73.2,150,Yes
181,23,21,55.5,150,Yes
181,24,17,47.5,150,Yes
181,25,15,222.1,150,No
181,26,22,99.9,150,Yes
181,27,21,37.5,150,Yes
182,0,9,274.5,150,No
182,1,16,143.9,150,Yes
182,2,4,351.2,150,No
182,3,6,92.4,150,Yes
182,4,11,183.8,150,No
182,5,20,224.9,150,No
182,6,3,92.4,150,Yes
182,7,2,355.0,150,No
182,8,16,122.4,150,Yes
182,9,22,140.7,150,Yes
182,10,18,154.7,150,No
182,11,21,163.4,150,No
182,12,14,167.0,150,No
182,13,11,203.7,150,No
182,14,8,153.2,150,No
182,15,24,74.6,150,Yes
182,16,8,122.4,150,Yes
182,17,22,46.4,150,Yes
182,18,10,154.7,150,No
182,19,14,194.7,150,No
182,20,19,217.9,150,No
182,21,23,56.5,150,Yes
182,22,17,46.4,150,Yes
182,23,21,56.5,150,Yes
182,24,15,74.6,150,Yes
182,25,15,217.1,150,No
182,26,24,99.0,150,Yes
182,27,26,182.3,150,No
183,0,17,152.0,150,No
183,1,13,178.1,150,No
183,2,11,287.8,150,No
183,3,1,348.8,150,No
183,4,5,87.1,150,Yes
183,5,4,87.1,150,Yes
183,6,20,222.1,150,No
183,7,17,130.4,150,Yes
183,8,19,155.7,150,No
183,9,14,165.4,150,No
183,10,3,359.4,150,No
183,11,16,142.0,150,Yes
183,12,13,208.8,150,No
183,13,21,167.8,150,No
183,14,7,148.3,150,Yes
183,15,25,75.7,150,Yes
183,16,18,47.5,150,Yes
183,17,7,130.4,150,Yes
183,18,16,47.5,150,Yes
183,19,8,155.7,150,No
183,20,22,215.7,150,No
183,21,27,37.5,150,Yes
183,22,14,195.0,150,No
183,23,21,55.5,150,Yes
183,24,15,211.7,150,No
183,25,15,75.7,150,Yes
183,26,25,100.9,150,Yes
183,27,21,37.5,150,Yes
184,0,19,289.1,150,No
184,1,14,155.2,150,No
184,2,12,176.9,150,No
184,3,2,349.2,150,No
184,4,6,85.7,150,Yes
184,5,20,221.3,150,No
184,6,4,85.7,150,Yes
184,7,3,360.0,150,No
184,8,13,164.7,150,No
184,9,18,157.9,150,No
184,10,14,134.2,150,Yes
184,11,12,211.1,150,No
184,12,27,169.8,150,No
184,13,10,141.4,150,Yes
184,14,10,134.2,150,Yes
184,15,17,49.3,150,Yes
184,16,24,75.2,150,Yes
184,17,15,49.3,150,Yes
184,18,9,157.9,150,No
184,19,15,142.9,150,Yes
184,20,23,213.8,150,No
184,21,27,37.6,150,Yes
184,22,21,54.6,150,Yes
184,23,13,196.9,150,No
184,24,16,75.2,150,Yes
184,25,16,209.5,150,No
184,26,24,101.6,150,Yes
184,27,21,37.6,150,Yes
185,0,18,292.9,150,No
185,1,12,180.0,150,No
185,2,1,348.1,150,No
185,3,17,156.6,150,No
185,4,14,165.4,150,No
185,5,7,86.2,150,Yes
185,6,19,220.5,150,No
185,7,5,86.2,150,Yes
185,8,2,358.3,150,No
185,9,14,138.0,150,Yes
185,10,25,157.4,150,No
185,11,12,215.1,150,No
185,12,21,173.3,150,No
185,13,15,50.2,150,Yes
185,14,9,138.0,150,Yes
185,15,13,50.2,150,Yes
185,16,22,74.8,150,Yes
185,17,9,138.6,150,Yes
185,18,15,141.9,150,Yes
185,19,23,212.8,150,No
185,20,21,55.5,150,Yes
185,21,20,55.5,150,Yes
185,22,16,74.8,150,Yes
185,23,14,196.9,150,No
185,24,16,208.5,150,No
185,25,10,157.4,150,No
185,26,22,101.9,150,Yes
186,0,16,294.8,150,No
186,1,17,158.7,150,No
186,2,12,183.8,150,No
186,3,14,164.2,150,No
186,4,21,219.7,150,No
186,5,2,343.0,150,No
186,6,7,85.1,150,Yes
186,7,6,85.1,150,Yes
186,8,19,157.4,150,No
186,9,14,133.2,150,Yes
186,10,5,353.1,150,No
186,11,15,51.0,150,Yes
186,12,23,175.4,150,No
186,13,12,218.1,150,No
186,14,9,133.2,150,Yes
186,15,11,51.0,150,Yes
186,16,15,141.9,150,Yes
186,17,9,142.9,150,Yes
186,18,24,73.8,150,Yes
186,19,8,157.4,150,No
186,20,18,208.5,150,No
186,21,25,213.5,150,No
186,22,23,55.5,150,Yes
186,23,22,55.5,150,Yes
186,24,18,73.8,150,Yes
186,25,14,197.2,150,No
186,26,24,102.8,150,Yes
187,0,13,300.9,150,No
187,1,16,157.4,150,No
187,2,12,189.6,150,No
187,3,17,164.8,150,No
187,4,7,348.1,150,No
187,5,20,219.7,150,No
187,6,9,86.5,150,Yes
187,7,2,338.0,150,No
187,8,14,52.0,150,Yes
187,9,6,86.5,150,Yes
187,10,19,157.5,150,No
187,11,17,131.2,150,Yes
187,12,22,176.8,150,No
187,13,14,139.1,150,Yes
187,14,8,52.0,150,Yes
187,15,12,221.6,150,No
187,16,11,148.2,150,Yes
187,17,11,131.2,150,Yes
187,18,24,72.1,150,Yes
187,19,10,157.5,150,No
187,20,25,211.6,150,No
187,21,18,205.9,150,No
187,22,23,55.2,150,Yes
187,23,22,55.2,150,Yes
187,24,18,72.1,150,Yes
187,25,17,196.4,150,No
187,26,24,104.8,150,Yes
188,0,18,305.0,150,No
188,1,16,160.0,150,No
188,2,6,196.5,150,No
188,3,4,343.1,150,No
188,4,2,331.5,150,No
188,5,15,163.8,150,No
188,6,29,176.3,150,No
188,7,11,51.0,150,Yes
188,8,19,217.2,150,No
188,9,10,88.8,150,Yes
188,10,9,88.8,150,Yes
188,11,7,51.0,150,Yes
188,12,21,155.9,150,No
188,13,6,231.9,150,No
188,14,15,132.2,150,Yes
188,15,14,132.2,150,Yes
188,16,14,151.6,150,No
188,17,25,71.2,150,Yes
188,18,11,139.3,150,Yes
188,19,24,208.1,150,No
188,20,2,297.8,150,No
188,21,12,155.9,150,No
188,22,23,54.1,150,Yes
188,23,29,38.0,150,Yes
188,24,15,196.4,150,No
188,25,17,71.2,150,Yes
188,26,17,200.2,150,No
188,27,30,44.2,150,Yes
188,28,30,78.8,150,Yes
188,29,23,38.0,150,Yes
188,30,27,44.2,150,Yes
189,0,12,305.6,150,No
189,1,17,155.2,150,No
189,2,10,199.4,150,No
189,3,18,163.4,150,No
189,4,5,338.4,150,No
189,5,2,327.2,150,No
189,6,21,214.6,150,No
189,7,8,90.1,150,Yes
189,8,7,90.1,150,Yes
189,9,15,51.0,150,Yes
189,10,30,156.3,150,No
189,11,19,156.4,150,No
189,12,15,139.4,150,Yes
189,13,10,235.5,150,No
189,14,18,135.3,150,Yes
189,15,9,51.0,150,Yes
189,16,2,291.8,150,No
189,17,1,155.2,150,No
189,18,14,135.3,150,Yes
189,19,11,156.4,150,No
189,20,24,70.8,150,Yes
189,21,22,205.6,150,No
189,22,18,196.1,150,No
189,23,25,54.1,150,Yes
189,24,20,70.8,150,Yes
189,25,29,35.0,150,Yes
189,26,20,198.0,150,No
189,27,28,122.8,150,Yes
189,28,24,104.3,150,Yes
189,29,30,31.3,150,Yes
189,30,29,31.3,150,Yes
190,0,14,306.9,150,No
190,1,18,150.6,150,No
190,2,9,204.1,150,No
190,3,2,321.5,150,No
190,4,10,91.8,150,Yes
190,5,17,162.5,150,No
190,6,3,339.2,150,No
190,7,22,213.2,150,No
190,8,11,50.0,150,Yes
190,9,30,157.3,150,No
190,10,4,91.8,150,Yes
190,11,8,50.0,150,Yes
190,12,9,237.8,150,No
190,13,19,157.1,150,No
190,14,11,140.6,150,Yes
190,15,17,138.5,150,Yes
190,16,2,289.3,150,No
190,17,15,138.5,150,Yes
190,18,1,150.6,150,No
190,19,13,157.1,150,No
190,20,25,66.4,150,Yes
190,21,17,194.5,150,No
190,22,21,205.0,150,No
190,23,24,51.9,150,Yes
190,24,28,34.4,150,Yes
190,25,20,66.4,150,Yes
190,26,20,195.9,150,No
190,27,29,121.6,150,Yes
190,28,24,34.4,150,Yes
190,29,25,105.5,150,Yes
190,30,28,34.7,150,Yes
191,0,15,306.9,150,No
191,1,17,149.8,150,Yes
191,2,12,205.8,150,No
191,3,2,317.1,150,No
191,4,9,91.0,150,Yes
191,5,3,338.4,150,No
191,6,16,162.9,150,No
191,7,21,210.6,150,No
191,8,18,51.0,150,Yes
191,9,4,91.0,150,Yes
191,10,19,157.1,150,No
191,11,12,238.4,150,No
191,12,28,159.5,150,No
191,13,2,285.8,150,No
191,14,16,142.6,150,Yes
191,15,18,138.7,150,Yes
191,16,14,142.6,150,Yes
191,17,1,149.8,150,Yes
191,18,8,51.0,150,Yes
191,19,10,157.1,150,No
191,20,25,66.9,150,Yes
191,21,22,203.2,150,No
191,22,16,193.7,150,No
191,23,24,54.1,150,Yes
191,24,29,33.3,150,Yes
191,25,20,66.9,150,Yes
191,26,20,191.7,150,No
191,27,25,226.1,150,No
191,28,29,34.7,150,Yes
191,29,24,33.3,150,Yes
192,0,19,152.0,150,No
192,1,10,206.6,150,No
192,2,13,306.9,150,No
192,3,1,314.3,150,No
192,4,3,340.4,150,No
192,5,11,92.6,150,Yes
192,6,1,281.8,150,No
192,7,15,146.7,150,Yes
192,8,15,163.2,150,No
192,9,16,158.0,150,No
192,10,25,179.1,150,No
192,11,5,92.6,150,Yes
192,12,23,206.2,150,No
192,13,20,137.9,150,Yes
192,14,20,51.0,150,Yes
192,15,7,146.7,150,Yes
192,16,9,158.0,150,No
192,17,26,66.0,150,Yes
192,18,10,240.2,150,No
192,19,0,152.0,150,No
192,20,14,51.0,150,Yes
192,21,15,191.2,150,No
192,22,17,188.5,150,No
192,23,21,201.4,150,No
192,24,25,55.0,150,Yes
192,25,28,36.9,150,Yes
192,26,17,66.0,150,Yes
192,27,26,224.6,150,No
192,28,25,36.9,150,Yes
193,0,10,157.7,150,No
193,1,15,303.0,150,No
193,2,5,206.6,150,No
193,3,2,276.2,150,No
193,4,8,344.4,150,No
193,5,24,182.2,150,No
193,6,7,91.9,150,Yes
193,7,6,91.9,150,Yes
193,8,2,312.7,150,No
193,9,22,201.7,150,No
193,10,0,157.7,150,No
193,11,12,147.7,150,Yes
193,12,11,147.7,150,Yes
193,13,17,158.6,150,No
193,14,5,246.6,150,No
193,15,20,144.0,150,Yes
193,16,12,162.1,150,No
193,17,13,158.6,150,No
193,18,25,65.5,150,Yes
193,19,20,51.1,150,Yes
193,20,19,51.1,150,Yes
193,21,12,190.8,150,No
193,22,21,199.6,150,No
193,23,24,55.0,150,Yes
193,24,28,36.1,150,Yes
193,25,18,65.5,150,Yes
193,26,18,180.3,150,No
193,27,30,58.2,150,Yes
193,28,24,36.1,150,Yes
193,29,25,107.4,150,Yes
193,30,27,58.2,150,Yes
194,0,12,159.7,150,No
194,1,18,300.7,150,No
194,2,3,200.6,150,No
194,3,22,188.2,150,No
194,4,2,274.8,150,No
194,5,15,344.7,150,No
194,6,3,251.0,150,No
194,7,9,93.5,150,Yes
194,8,24,199.7,150,No
194,9,7,93.5,150,Yes
194,10,13,145.5,150,Yes
194,11,16,159.5,150,No
194,12,0,159.7,150,No
194,13,10,145.5,150,Yes
194,14,10,162.2,150,No
194,15,2,313.5,150,No
194,16,11,159.5,150,No
194,17,25,67.7,150,Yes
194,18,20,148.1,150,Yes
194,19,20,50.2,150,Yes
194,20,19,50.2,150,Yes
194,21,22,55.0,150,Yes
194,22,27,38.3,150,Yes
194,23,10,191.0,150,No
194,24,8,199.7,150,No
194,25,17,67.7,150,Yes
194,26,17,174.6,150,No
194,27,22,38.3,150,Yes
194,28,29,60.1,150,Yes
194,29,28,60.1,150,Yes
194,30,25,105.2,150,Yes
195,0,14,160.8,150,No
195,1,18,301.4,150,No
195,2,3,195.7,150,No
195,3,31,178.1,150,No
195,4,2,272.9,150,No
195,5,23,198.3,150,No
195,6,3,257.5,150,No
195,7,12,95.4,150,Yes
195,8,10,141.7,150,Yes
195,9,8,162.4,150,No
195,10,8,141.7,150,Yes
195,11,20,345.5,150,No
195,12,7,95.4,150,Yes
195,13,17,160.5,150,No
195,14,0,160.8,150,No
195,15,25,70.3,150,Yes
195,16,19,50.4,150,Yes
195,17,13,160.5,150,No
195,18,16,152.8,150,No
195,19,16,50.4,150,Yes
195,20,2,313.3,150,No
195,21,28,40.4,150,Yes
195,22,21,55.5,150,Yes
195,23,5,198.3,150,No
195,24,8,191.8,150,No
195,25,15,70.3,150,Yes
195,26,15,170.2,150,No
195,27,29,59.1,150,Yes
195,28,31,28.8,150,Yes
195,29,27,59.1,150,Yes
195,30,25,104.8,150,Yes
195,31,28,28.8,150,Yes
196,0,13,163.2,150,No
196,1,8,99.8,150,Yes
196,2,4,190.9,150,No
196,3,17,303.9,150,No
196,4,27,183.4,150,No
196,5,2,271.0,150,No
196,6,24,196.9,150,No
196,7,16,344.2,150,No
196,8,1,99.8,150,Yes
196,9,12,139.7,150,Yes
196,10,12,163.7,150,No
196,11,27,258.0,150,No
196,12,9,139.7,150,Yes
196,13,0,163.2,150,No
196,14,23,161.4,150,No
196,15,18,48.5,150,Yes
196,16,2,310.9,150,No
196,17,15,156.9,150,No
196,18,15,48.5,150,Yes
196,19,26,70.5,150,Yes
196,20,29,36.1,150,Yes
196,21,12,190.2,150,No
196,22,20,55.9,150,Yes
196,23,14,161.4,150,No
196,24,6,196.9,150,No
196,25,19,164.8,150,No
196,26,19,70.5,150,Yes
196,27,29,32.9,150,Yes
196,28,30,58.1,150,Yes
196,29,27,32.9,150,Yes
196,30,28,58.1,150,Yes
196,31,26,103.9,150,Yes
197,0,16,167.5,150,No
197,1,3,188.1,150,No
197,2,15,310.3,150,No
197,3,1,188.1,150,No
197,4,3,269.2,150,No
197,5,24,196.9,150,No
197,6,8,340.6,150,No
197,7,27,260.0,150,No
197,8,3,312.5,150,No
197,9,13,107.6,150,Yes
197,10,22,162.3,150,No
197,11,14,135.9,150,Yes
197,12,11,164.9,150,No
197,13,9,107.6,150,Yes
197,14,11,135.9,150,Yes
197,15,18,157.7,150,No
197,16,0,167.5,150,No
197,17,25,73.1,150,Yes
197,18,19,50.0,150,Yes
197,19,18,50.0,150,Yes
197,20,30,36.8,150,Yes
197,21,20,55.5,150,Yes
197,22,10,162.3,150,No
197,23,11,189.4,150,No
197,24,5,196.9,150,No
197,25,17,73.1,150,Yes
197,26,17,163.3,150,No
197,27,30,32.6,150,Yes
197,28,25,222.3,150,No
197,29,19,195.7,150,No
197,30,27,32.6,150,Yes
198,0,16,169.0,150,No
198,1,2,190.5,150,No
198,2,1,190.5,150,No
198,3,2,259.2,150,No
198,4,14,118.0,150,Yes
198,5,11,316.4,150,No
198,6,23,193.1,150,No
198,7,12,334.8,150,No
198,8,9,127.5,150,Yes
198,9,8,127.5,150,Yes
198,10,29,262.2,150,No
198,11,19,159.5,150,No
198,12,2,310.5,150,No
198,13,8,163.7,150,No
198,14,4,118.0,150,Yes
198,15,24,164.6,150,No
198,16,0,169.0,150,No
198,17,25,71.6,150,Yes
198,18,31,42.2,150,Yes
198,19,20,45.9,150,Yes
198,20,19,45.9,150,Yes
198,21,18,55.5,150,Yes
198,22,9,190.2,150,No
198,23,6,193.1,150,No
198,24,15,164.6,150,No
198,25,17,71.6,150,Yes
198,26,17,159.8,150,No
198,27,30,61.0,150,Yes
198,28,20,198.5,150,No
198,29,31,24.2,150,Yes
198,30,27,61.0,150,Yes
198,31,29,24.2,150,Yes
199,0,13,169.0,150,No
199,1,3,197.4,150,No
199,2,1,255.5,150,No
199,3,29,197.3,150,No
199,4,7,120.7,150,Yes
199,5,6,126.2,150,Yes
199,6,5,126.2,150,Yes
199,7,4,120.7,150,Yes
199,8,29,261.4,150,No
199,9,24,193.1,150,No
199,10,14,332.8,150,No
199,11,6,163.2,150,No
199,12,22,166.8,150,No
199,13,0,169.0,150,No
199,14,1,307.6,150,No
199,15,32,12.0,150,Yes
199,16,20,159.5,150,No
199,17,25,71.6,150,Yes
199,18,19,55.0,150,Yes
199,19,31,31.1,150,Yes
199,20,21,45.5,150,Yes
199,21,20,45.5,150,Yes
199,22,12,166.8,150,No
199,23,17,159.1,150,No
199,24,9,193.1,150,No
199,25,17,71.6,150,Yes
199,26,30,60.0,150,Yes
199,27,5,191.6,150,No
199,28,21,198.3,150,No
199,29,31,34.9,150,Yes
199,30,26,60.0,150,Yes
199,31,19,31.1,150,Yes
199,32,15,12.0,150,Yes
200,0,19,169.0,150,No
200,1,7,200.6,150,No
200,2,8,124.3,150,Yes
200,3,1,251.8,150,No
200,4,6,327.2,150,No
200,5,9,125.3,150,Yes
200,6,1,307.1,150,No
200,7,1,200.6,150,No
200,8,2,124.3,150,Yes
200,9,5,125.3,150,Yes
200,10,14,322.5,150,No
200,11,26,165.5,150,No
200,12,30,262.6,150,No
200,13,5,161.4,150,No
200,14,20,157.7,150,No
200,15,23,191.1,150,No
200,16,24,70.2,150,Yes
200,17,18,55.9,150,Yes
200,18,31,44.8,150,Yes
200,19,0,169.0,150,No
200,20,21,44.2,150,Yes
200,21,20,44.2,150,Yes
200,22,16,157.8,150,No
200,23,15,191.1,150,No
200,24,16,70.2,150,Yes
200,25,29,60.0,150,Yes
200,26,11,165.5,150,No
200,27,9,190.6,150,No
200,28,21,198.3,150,No
200,29,25,60.0,150,Yes
200,30,31,17.5,150,Yes
200,31,30,17.5,150,Yes
201,0,17,171.8,150,No
201,1,4,202.9,150,No
201,2,4,247.6,150,No
201,3,16,325.8,150,No
201,4,1,202.9,150,No
201,5,29,263.8,150,No
201,6,10,128.3,150,Yes
201,7,15,328.3,150,No
201,8,9,127.8,150,Yes
201,9,8,127.8,150,Yes
201,10,6,128.3,150,Yes
201,11,8,160.8,150,No
201,12,26,165.4,150,No
201,13,27,69.3,150,Yes
201,14,22,188.9,150,No
201,15,21,157.2,150,No
201,16,4,305.9,150,No
201,17,0,171.8,150,No
201,18,25,47.5,150,Yes
201,19,18,56.9,150,Yes
201,20,21,42.1,150,Yes
201,21,20,42.1,150,Yes
201,22,14,188.9,150,No
201,23,13,157.5,150,No
201,24,9,188.6,150,No
201,25,29,14.8,150,Yes
201,26,12,165.4,150,No
201,27,13,69.3,150,Yes
201,28,31,58.1,150,Yes
201,29,25,14.8,150,Yes
201,30,20,198.3,150,No
201,31,28,58.1,150,Yes
202,0,15,169.5,150,No
202,1,4,205.8,150,No
202,2,4,247.4,150,No
202,3,19,326.4,150,No
202,4,1,205.8,150,No
202,5,9,129.0,150,Yes
202,6,31,262.5,150,No
202,7,11,159.4,150,No
202,8,13,331.9,150,No
202,9,5,129.0,150,Yes
202,10,11,128.4,150,Yes
202,11,10,128.4,150,Yes
202,12,23,188.6,150,No
202,13,21,155.0,150,No
202,14,22,163.8,150,No
202,15,0,169.5,150,No
202,16,26,48.8,150,Yes
202,17,28,69.6,150,Yes
202,18,16,56.1,150,Yes
202,19,4,303.0,150,No
202,20,21,42.0,150,Yes
202,21,20,42.0,150,Yes
202,22,14,163.8,150,No
202,23,12,188.6,150,No
202,24,10,191.0,150,No
202,25,17,155.6,150,No
202,26,31,11.7,150,Yes
202,27,30,58.1,150,Yes
202,28,17,69.6,150,Yes
202,29,20,198.3,150,No
202,30,27,58.1,150,Yes
202,31,26,11.7,150,Yes
203,0,14,161.6,150,No
203,1,3,241.1,150,No
203,2,23,207.7,150,No
203,3,2,214.2,150,No
203,4,27,324.1,150,No
203,5,21,185.6,150,No
203,6,13,135.1,150,Yes
203,7,23,260.8,150,No
203,8,11,153.8,150,No
203,9,20,153.4,150,No
203,10,22,166.0,150,No
203,11,12,132.2,150,Yes
203,12,11,132.2,150,Yes
203,13,6,135.1,150,Yes
203,14,0,161.6,150,No
203,15,32,28.3,150,Yes
203,16,15,55.7,150,Yes
203,17,26,64.4,150,Yes
203,18,20,44.0,150,Yes
203,19,9,334.9,150,No
203,20,18,44.0,150,Yes
203,21,5,185.6,150,No
203,22,10,166.0,150,No
203,23,31,19.3,150,Yes
203,24,12,191.0,150,No
203,25,29,57.1,150,Yes
203,26,17,64.4,150,Yes
203,27,3,304.9,150,No
203,28,17,150.3,150,No
203,29,25,57.1,150,Yes
203,30,18,199.1,150,No
203,31,32,19.1,150,Yes
203,32,31,19.1,150,Yes
204,0,4,238.9,150,No
204,1,14,163.0,150,No
204,2,31,211.3,150,No
204,3,23,324.9,150,No
204,4,2,216.2,150,No
204,5,17,137.3,150,Yes
204,6,20,153.2,150,No
204,7,21,181.7,150,No
204,8,12,137.0,150,Yes
204,9,31,264.9,150,No
204,10,12,153.4,150,No
204,11,25,167.0,150,No
204,12,8,137.0,150,Yes
204,13,6,333.5,150,No
204,14,1,163.0,150,No
204,15,29,62.8,150,Yes
204,16,22,48.8,150,Yes
204,17,5,137.3,150,Yes
204,18,16,55.2,150,Yes
204,19,20,45.0,150,Yes
204,20,19,45.0,150,Yes
204,21,7,181.7,150,No
204,22,31,13.0,150,Yes
204,23,4,303.6,150,No
204,24,8,188.0,150,No
204,25,11,167.0,150,No
204,26,27,57.1,150,Yes
204,27,26,57.1,150,Yes
204,28,15,147.5,150,Yes
204,29,15,62.8,150,Yes
204,30,19,199.9,150,No
204,31,22,13.0,150,Yes
204,32,29,95.3,150,Yes
205,0,3,239.3,150,No
205,1,16,167.1,150,No
205,2,31,210.7,150,No
205,3,2,216.2,150,No
205,4,22,322.9,150,No
205,5,20,152.2,150,No
205,6,10,147.8,150,Yes
205,7,14,140.9,150,Yes
205,8,10,139.2,150,Yes
205,9,25,166.0,150,No
205,10,8,139.2,150,Yes
205,11,31,263.2,150,No
205,12,21,180.9,150,No
205,13,29,62.0,150,Yes
205,14,7,140.9,150,Yes
205,15,24,48.3,150,Yes
205,16,1,167.1,150,No
205,17,5,334.8,150,No
205,18,15,55.2,150,Yes
205,19,20,44.1,150,Yes
205,20,19,44.1,150,Yes
205,21,12,180.9,150,No
205,22,3,304.9,150,No
205,23,8,189.1,150,No
205,24,31,13.9,150,Yes
205,25,9,166.0,150,No
205,26,13,147.0,150,Yes
205,27,28,57.1,150,Yes
205,28,27,57.1,150,Yes
205,29,13,62.0,150,Yes
205,30,19,198.9,150,No
205,31,24,13.9,150,Yes
205,32,29,94.2,150,Yes
206,0,4,236.2,150,No
206,1,15,169.9,150,No
206,2,23,322.6,150,No
206,3,20,151.8,150,No
206,4,6,218.5,150,No
206,5,13,146.3,150,Yes
206,6,27,212.1,150,No
206,7,14,140.8,150,Yes
206,8,14,145.4,150,Yes
206,9,25,167.6,150,No
206,10,22,178.9,150,No
206,11,27,260.1,150,No
206,12,3,336.7,150,No
206,13,5,146.3,150,Yes
206,14,7,140.8,150,Yes
206,15,1,169.9,150,No
206,16,32,30.5,150,Yes
206,17,20,45.1,150,Yes
206,18,28,63.6,150,Yes
206,19,16,54.2,150,Yes
206,20,17,45.1,150,Yes
206,21,7,188.1,150,No
206,22,10,178.9,150,No
206,23,4,305.5,150,No
206,24,18,144.8,150,Yes
206,25,9,167.6,150,No
206,26,29,56.1,150,Yes
206,27,31,15.8,150,Yes
206,28,18,63.6,150,Yes
206,29,26,56.1,150,Yes
206,30,17,199.7,150,No
206,31,27,15.8,150,Yes
206,32,31,20.0,150,Yes
207,0,15,170.0,150,No
207,1,3,236.8,150,No
207,2,19,154.6,150,No
207,3,5,217.5,150,No
207,4,11,153.5,150,No
207,5,26,213.7,150,No
207,6,26,258.4,150,No
207,7,21,177.5,150,No
207,8,14,140.1,150,Yes
207,9,14,142.0,150,Yes
207,10,28,324.8,150,No
207,11,4,153.5,150,No
207,12,22,166.4,150,No
207,13,19,46.0,150,Yes
207,14,8,140.1,150,Yes
207,15,0,170.0,150,No
207,16,2,342.8,150,No
207,17,32,12.5,150,Yes
207,18,17,54.6,150,Yes
207,19,13,46.0,150,Yes
207,20,29,64.8,150,Yes
207,21,7,177.5,150,No
207,22,12,166.4,150,No
207,23,8,188.0,150,No
207,24,30,55.0,150,Yes
207,25,20,139.2,150,Yes
207,26,31,16.8,150,Yes
207,27,13,202.5,150,No
207,28,3,305.5,150,No
207,29,20,64.8,150,Yes
207,30,24,55.0,150,Yes
207,31,26,16.8,150,Yes
207,32,17,12.5,150,Yes
208,0,20,172.2,150,No
208,1,0,234.1,150,No
208,2,8,206.5,150,No
208,3,5,174.4,150,No
208,4,19,360.6,150,No
208,5,3,174.4,150,No
208,6,7,342.6,150,No
208,7,16,161.4,150,No
208,8,2,206.5,150,No
208,9,11,134.7,150,Yes
208,10,9,259.0,150,No
208,11,13,134.1,150,Yes
208,12,21,168.4,150,No
208,13,11,134.1,150,Yes
208,14,22,175.3,150,No
208,15,16,46.1,150,Yes
208,16,15,46.1,150,Yes
208,17,27,64.2,150,Yes
208,18,29,49.7,150,Yes
208,19,18,54.6,150,Yes
208,20,0,172.2,150,No
208,21,12,168.4,150,No
208,22,14,175.3,150,No
208,23,22,185.1,150,No
208,24,17,130.2,150,Yes
208,25,29,13.6,150,Yes
208,26,28,52.0,150,Yes
208,27,17,64.2,150,Yes
208,28,26,52.0,150,Yes
208,29,25,13.6,150,Yes
208,30,15,207.3,150,No
209,0,1,227.2,150,No
209,1,21,178.3,150,No
209,2,6,200.8,150,No
209,3,5,181.6,150,No
209,4,19,361.4,150,No
209,5,3,181.6,150,No
209,6,2,200.8,150,No
209,7,13,130.8,150,Yes
209,8,25,258.1,150,No
209,9,22,173.0,150,No
209,10,20,168.4,150,No
209,11,16,165.4,150,No
209,12,16,47.4,150,Yes
209,13,7,130.8,150,Yes
209,14,11,347.0,150,No
209,15,13,131.6,150,Yes
209,16,12,47.4,150,Yes
209,17,27,63.0,150,Yes
209,18,19,53.7,150,Yes
209,19,18,53.7,150,Yes
209,20,10,168.4,150,No
209,21,29,13.0,150,Yes
209,22,9,173.0,150,No
209,23,17,129.0,150,Yes
209,24,22,183.2,150,No
209,25,18,60.9,150,Yes
209,26,28,52.0,150,Yes
209,27,17,63.0,150,Yes
209,28,26,52.0,150,Yes
209,29,21,13.0,150,Yes
209,30,9,209.5,150,No
209,31,27,92.1,150,Yes
210,0,16,181.9,150,No
210,1,0,221.7,150,No
210,2,20,361.7,150,No
210,3,9,200.6,150,No
210,4,5,185.7,150,No
210,5,4,185.7,150,No
210,6,13,126.2,150,Yes
210,7,15,166.4,150,No
210,8,7,355.9,150,No
210,9,3,200.6,150,No
210,10,24,255.4,150,No
210,11,22,164.8,150,No
210,12,21,170.0,150,No
210,13,6,126.2,150,Yes
210,14,15,47.4,150,Yes
210,15,14,47.4,150,Yes
210,16,0,181.9,150,No
210,17,13,127.1,150,Yes
210,18,27,63.0,150,Yes
210,19,30,15.5,150,Yes
210,20,19,53.9,150,Yes
210,21,12,170.0,150,No
210,22,11,164.8,150,No
210,23,18,127.1,150,Yes
210,24,31,36.2,150,Yes
210,25,21,182.3,150,No
210,26,28,53.0,150,Yes
210,27,18,63.0,150,Yes
210,28,26,53.0,150,Yes
210,29,11,170.9,150,No
210,30,19,15.5,150,Yes
210,31,30,17.2,150,Yes
210,32,27,91.2,150,Yes
211,0,15,184.3,150,No
211,1,20,360.7,150,No
211,2,7,205.2,150,No
211,3,6,191.3,150,No
211,4,0,219.9,150,No
211,5,12,124.0,150,Yes
211,6,3,191.3,150,No
211,7,2,205.2,150,No
211,8,25,255.0,150,No
211,9,13,359.8,150,No
211,10,22,168.6,150,No
211,11,21,164.6,150,No
211,12,5,124.0,150,Yes
211,13,16,168.3,150,No
211,14,27,63.6,150,Yes
211,15,0,184.3,150,No
211,16,17,46.5,150,Yes
211,17,16,46.5,150,Yes
211,18,32,21.2,150,Yes
211,19,12,124.9,150,Yes
211,20,18,55.2,150,Yes
211,21,11,164.6,150,No
211,22,10,168.6,150,No
211,23,14,123.0,150,Yes
211,24,22,181.3,150,No
211,25,31,36.5,150,Yes
211,26,28,53.0,150,Yes
211,27,14,63.6,150,Yes
211,28,26,53.0,150,Yes
211,29,11,170.1,150,No
211,30,27,91.2,150,Yes
211,31,32,14.9,150,Yes
211,32,31,14.9,150,Yes
212,0,6,204.2,150,No
212,1,15,184.8,150,No
212,2,20,361.7,150,No
212,3,1,218.7,150,No
212,4,7,194.2,150,No
212,5,11,122.1,150,Yes
212,6,0,204.2,150,No
212,7,4,194.2,150,No
212,8,12,362.7,150,No
212,9,5,255.0,150,No
212,10,21,164.6,150,No
212,11,5,122.1,150,Yes
212,12,17,169.7,150,No
212,13,22,168.1,150,No
212,14,27,59.8,150,Yes
212,15,1,184.8,150,No
212,16,11,123.0,150,Yes
212,17,19,45.5,150,Yes
212,18,30,14.3,150,Yes
212,19,17,45.5,150,Yes
212,20,18,54.8,150,Yes
212,21,10,164.6,150,No
212,22,13,168.1,150,No
212,23,14,121.3,150,Yes
212,24,28,53.0,150,Yes
212,25,30,47.9,150,Yes
212,26,22,179.2,150,No
212,27,14,59.8,150,Yes
212,28,24,53.0,150,Yes
212,29,27,91.4,150,Yes
212,30,18,14.3,150,Yes
213,0,12,183.7,150,No
213,1,18,200.4,150,No
213,2,15,364.7,150,No
213,3,0,215.1,150,No
213,4,6,200.2,150,No
213,5,11,370.6,150,No
213,6,4,200.2,150,No
213,7,8,253.7,150,No
213,8,10,120.6,150,Yes
213,9,16,165.2,150,No
213,10,8,120.6,150,Yes
213,11,20,171.2,150,No
213,12,0,183.7,150,No
213,13,22,165.0,150,No
213,14,27,59.0,150,Yes
213,15,17,55.7,150,Yes
213,16,9,165.2,150,No
213,17,30,51.0,150,Yes
213,18,1,200.4,150,No
213,19,10,123.7,150,Yes
213,20,21,47.9,150,Yes
213,21,20,47.9,150,Yes
213,22,13,165.0,150,No
213,23,14,116.7,150,Yes
213,24,30,12.1,150,Yes
213,25,26,53.0,150,Yes
213,26,25,53.0,150,Yes
213,27,14,59.0,150,Yes
213,28,22,177.9,150,No
213,29,27,91.3,150,Yes
213,30,24,12.1,150,Yes
214,0,9,186.6,150,No
214,1,12,201.9,150,No
214,2,17,366.4,150,No
214,3,6,202.8,150,No
214,4,0,212.8,150,No
214,5,8,252.2,150,No
214,6,3,202.8,150,No
214,7,20,171.0,150,No
214,8,11,122.3,150,Yes
214,9,0,186.6,150,No
214,10,18,166.2,150,No
214,11,8,122.3,150,Yes
214,12,1,201.9,150,No
214,13,7,373.3,150,No
214,14,17,54.1,150,Yes
214,15,11,125.6,150,Yes
214,16,21,164.5,150,No
214,17,14,54.1,150,Yes
214,18,10,166.2,150,No
214,19,29,57.4,150,Yes
214,20,22,49.8,150,Yes
214,21,16,164.5,150,No
214,22,20,49.8,150,Yes
214,23,10,168.1,150,No
214,24,19,115.1,150,Yes
214,25,14,57.3,150,Yes
214,26,27,55.0,150,Yes
214,27,26,55.0,150,Yes
214,28,29,89.3,150,Yes
214,29,19,57.4,150,Yes
214,30,21,176.4,150,No
215,0,14,366.5,150,No
215,1,13,185.4,150,No
215,2,16,200.9,150,No
215,3,7,204.8,150,No
215,4,1,210.6,150,No
215,5,6,251.8,150,No
215,6,10,122.0,150,Yes
215,7,3,204.8,150,No
215,8,17,169.1,150,No
215,9,19,166.2,150,No
215,10,6,122.0,150,Yes
215,11,24,54.1,150,Yes
215,12,10,127.5,150,Yes
215,13,1,185.4,150,No
215,14,11,54.4,150,Yes
215,15,29,55.2,150,Yes
215,16,2,200.9,150,No
215,17,21,50.5,150,Yes
215,18,20,162.1,150,No
215,19,9,166.2,150,No
215,20,18,162.1,150,No
215,21,17,50.5,150,Yes
215,22,9,168.1,150,No
215,23,15,111.6,150,Yes
215,24,11,54.1,150,Yes
215,25,20,172.7,150,No
215,26,27,55.0,150,Yes
215,27,26,55.0,150,Yes
215,28,8,378.4,150,No
215,29,15,55.2,150,Yes
215,30,29,90.3,150,Yes
216,0,13,365.3,150,No
216,1,16,180.9,150,No
216,2,1,207.5,150,No
216,3,7,204.8,150,No
216,4,9,206.9,150,No
216,5,6,246.1,150,No
216,6,12,121.3,150,Yes
216,7,3,204.8,150,No
216,8,15,168.3,150,No
216,9,4,206.9,150,No
216,10,21,165.9,150,No
216,11,23,52.0,150,Yes
216,12,6,121.3,150,Yes
216,13,11,54.1,150,Yes
216,14,12,129.7,150,Yes
216,15,20,51.2,150,Yes
216,16,1,180.9,150,No
216,17,30,53.1,150,Yes
216,18,19,161.1,150,No
216,19,18,161.1,150,No
216,20,15,51.2,150,Yes
216,21,10,165.9,150,No
216,22,10,169.1,150,No
216,23,11,52.0,150,Yes
216,24,19,171.4,150,No
216,25,27,55.0,150,Yes
216,26,8,381.5,150,No
216,27,25,55.0,150,Yes
216,28,30,89.3,150,Yes
216,29,17,108.0,150,Yes
216,30,17,53.1,150,Yes
217,0,18,181.9,150,No
217,1,0,200.5,150,No
217,2,15,364.1,150,No
217,3,12,205.8,150,No
217,4,6,210.0,150,No
217,5,10,121.4,150,Yes
217,6,4,210.0,150,No
217,7,24,51.6,150,Yes
217,8,10,130.6,150,Yes
217,9,21,166.6,150,No
217,10,5,121.4,150,Yes
217,11,16,168.1,150,No
217,12,3,205.8,150,No
217,13,5,241.6,150,No
217,14,11,383.5,150,No
217,15,7,53.8,150,Yes
217,16,22,53.2,150,Yes
217,17,30,51.0,150,Yes
217,18,0,181.9,150,No
217,19,9,168.8,150,No
217,20,23,158.4,150,No
217,21,9,166.6,150,No
217,22,16,53.2,150,Yes
217,23,20,158.4,150,No
217,24,7,51.6,150,Yes
217,25,20,169.2,150,No
217,26,17,105.8,150,Yes
217,27,28,56.0,150,Yes
217,28,27,56.0,150,Yes
217,29,30,90.2,150,Yes
217,30,17,51.0,150,Yes
217,31,22,218.8,150,No
218,0,19,185.8,150,No
218,1,0,187.0,150,No
218,2,4,205.8,150,No
218,3,16,363.2,150,No
218,4,2,205.8,150,No
218,5,10,386.6,150,No
218,6,8,120.5,150,Yes
218,7,11,208.6,150,No
218,8,6,120.5,150,Yes
218,9,7,228.5,150,No
218,10,15,167.5,150,No
218,11,8,133.1,150,Yes
218,12,6,231.7,150,No
218,13,17,166.6,150,No
218,14,16,53.2,150,Yes
218,15,21,55.0,150,Yes
218,16,14,53.2,150,Yes
218,17,13,166.6,150,No
218,18,17,168.6,150,No
218,19,0,185.8,150,No
218,20,30,52.3,150,Yes
218,21,15,55.0,150,Yes
218,22,23,154.3,150,No
218,23,22,154.3,150,No
218,24,22,167.1,150,No
218,25,26,57.1,150,Yes
218,26,25,57.1,150,Yes
218,27,14,54.4,150,Yes
218,28,30,89.0,150,Yes
218,29,20,103.5,150,Yes
218,30,20,52.3,150,Yes
218,31,21,219.5,150,No
219,0,1,185.4,150,No
219,1,0,185.4,150,No
219,2,18,367.6,150,No
219,3,4,206.7,150,No
219,4,3,206.7,150,No
219,5,6,120.1,150,Yes
219,6,5,120.1,150,Yes
219,7,15,232.4,150,No
219,8,11,206.4,150,No
219,9,10,386.9,150,No
219,10,16,166.5,150,No
219,11,6,135.7,150,Yes
219,12,14,166.0,150,No
219,13,18,52.2,150,Yes
219,14,12,166.0,150,No
219,15,0,188.5,150,No
219,16,20,52.0,150,Yes
219,17,5,228.1,150,No
219,18,13,52.2,150,Yes
219,19,22,152.1,150,No
219,20,16,52.0,150,Yes
219,21,30,53.0,150,Yes
219,22,19,152.1,150,No
219,23,14,169.1,150,No
219,24,27,57.2,150,Yes
219,25,22,167.3,150,No
219,26,13,52.2,150,Yes
219,27,24,57.2,150,Yes
219,28,21,101.4,150,Yes
219,29,30,89.0,150,Yes
219,30,21,53.0,150,Yes
219,31,20,219.7,150,No
220,0,1,185.5,150,No
220,1,0,185.5,150,No
220,2,3,373.8,150,No
220,3,4,207.8,150,No
220,4,3,207.8,150,No
220,5,8,119.1,150,Yes
220,6,9,232.9,150,No
220,7,11,203.9,150,No
220,8,5,119.1,150,Yes
220,9,0,185.5,150,No
220,10,15,165.3,150,No
220,11,8,131.9,150,Yes
220,12,26,51.6,150,Yes
220,13,21,149.8,150,Yes
220,14,16,50.0,150,Yes
220,15,10,165.3,150,No
220,16,14,50.0,150,Yes
220,17,14,165.7,150,No
220,18,12,53.5,150,Yes
220,19,5,228.2,150,No
220,20,31,54.5,150,Yes
220,21,13,149.8,150,Yes
220,22,17,390.3,150,No
220,23,15,166.7,150,No
220,24,27,55.1,150,Yes
220,25,21,166.3,150,No
220,26,12,51.6,150,Yes
220,27,24,55.1,150,Yes
220,28,20,98.6,150,Yes
220,29,31,89.0,150,Yes
220,30,16,220.7,150,No
220,31,20,54.5,150,Yes
221,0,1,185.3,150,No
221,1,0,185.3,150,No
221,2,3,203.9,150,No
221,3,2,203.9,150,No
221,4,7,120.3,150,Yes
221,5,2,371.0,150,No
221,6,8,232.4,150,No
221,7,4,120.3,150,Yes
221,8,0,189.4,150,No
221,9,11,203.9,150,No
221,10,12,169.9,150,No
221,11,7,127.8,150,Yes
221,12,17,50.0,150,Yes
221,13,14,166.1,150,No
221,14,13,166.1,150,No
221,15,4,222.8,150,No
221,16,21,148.1,150,Yes
221,17,12,50.0,150,Yes
221,18,25,53.1,150,Yes
221,19,18,53.2,150,Yes
221,20,30,55.2,150,Yes
221,21,16,148.1,150,Yes
221,22,10,389.9,150,No
221,23,14,167.5,150,No
221,24,26,55.1,150,Yes
221,25,18,53.1,150,Yes
221,26,24,55.1,150,Yes
221,27,21,166.2,150,No
221,28,30,88.0,150,Yes
221,29,20,95.5,150,Yes
221,30,20,55.2,150,Yes
221,31,32,169.1,150,No
221,32,31,169.1,150,No
222,0,1,187.1,150,No
222,1,0,187.1,150,No
222,2,4,198.3,150,No
222,3,10,230.6,150,No
222,4,2,198.3,150,No
222,5,2,366.8,150,No
222,6,9,122.2,150,Yes
222,7,11,203.3,150,No
222,8,19,170.8,150,No
222,9,6,122.2,150,Yes
222,10,0,191.4,150,No
222,11,9,123.7,150,Yes
222,12,20,145.4,150,Yes
222,13,15,164.8,150,No
222,14,6,221.6,150,No
222,15,13,164.8,150,No
222,16,19,50.0,150,Yes
222,17,23,52.0,150,Yes
222,18,17,53.2,150,Yes
222,19,16,50.0,150,Yes
222,20,12,145.4,150,Yes
222,21,28,55.9,150,Yes
222,22,13,166.4,150,No
222,23,17,52.0,150,Yes
222,24,8,389.4,150,No
222,25,27,57.1,150,Yes
222,26,20,166.1,150,No
222,27,25,57.1,150,Yes
222,28,21,55.9,150,Yes
222,29,28,87.0,150,Yes
222,30,32,167.1,150,No
222,31,21,89.6,150,Yes
222,32,30,167.1,150,No
223,0,1,191.8,150,No
223,1,0,191.8,150,No
223,2,3,187.7,150,No
223,3,2,187.7,150,No
223,4,11,231.4,150,No
223,5,7,123.2,150,Yes
223,6,3,358.2,150,No
223,7,13,119.0,150,Yes
223,8,15,164.6,150,No
223,9,19,179.1,150,No
223,10,13,202.8,150,No
223,11,1,194.8,150,No
223,12,5,218.4,150,No
223,13,7,119.0,150,Yes
223,14,20,52.4,150,Yes
223,15,8,164.6,150,No
223,16,14,53.5,150,Yes
223,17,19,49.0,150,Yes
223,18,21,144.0,150,Yes
223,19,17,49.0,150,Yes
223,20,14,52.4,150,Yes
223,21,18,144.0,150,Yes
223,22,28,56.7,150,Yes
223,23,8,165.8,150,No
223,24,26,59.0,150,Yes
223,25,9,389.7,150,No
223,26,24,59.0,150,Yes
223,27,21,166.1,150,No
223,28,22,56.7,150,Yes
223,29,28,85.0,150,Yes
223,30,22,79.2,150,Yes
223,31,17,224.6,150,No
224,0,1,194.4,150,No
224,1,0,194.4,150,No
224,2,13,231.4,150,No
224,3,4,184.7,150,No
224,4,3,184.7,150,No
224,5,4,354.2,150,No
224,6,8,118.1,150,Yes
224,7,6,123.7,150,Yes
224,8,6,118.1,150,Yes
224,9,16,164.4,150,No
224,10,19,182.2,150,No
224,11,7,217.1,150,No
224,12,8,203.3,150,No
224,13,0,195.8,150,No
224,14,21,52.8,150,Yes
224,15,19,48.3,150,Yes
224,16,9,164.4,150,No
224,17,20,142.7,150,Yes
224,18,14,53.5,150,Yes
224,19,15,48.3,150,Yes
224,20,17,142.7,150,Yes
224,21,14,52.8,150,Yes
224,22,29,54.0,150,Yes
224,23,9,165.4,150,No
224,24,26,60.1,150,Yes
224,25,20,167.1,150,No
224,26,24,60.1,150,Yes
224,27,10,390.4,150,No
224,28,19,245.1,150,No
224,29,22,54.0,150,Yes
224,30,22,77.1,150,Yes
224,31,29,85.1,150,Yes
225,0,1,195.3,150,No
225,1,0,195.3,150,No
225,2,7,232.6,150,No
225,3,4,183.0,150,No
225,4,3,183.0,150,No
225,5,3,352.0,150,No
225,6,10,202.2,150,No
225,7,0,195.6,150,No
225,8,10,117.2,150,Yes
225,9,8,124.9,150,Yes
225,10,8,117.2,150,Yes
225,11,20,140.9,150,Yes
225,12,9,215.4,150,No
225,13,16,183.0,150,No
225,14,23,164.2,150,No
225,15,21,51.9,150,Yes
225,16,19,49.4,150,Yes
225,17,14,165.6,150,No
225,18,15,55.1,150,Yes
225,19,16,49.4,150,Yes
225,20,11,140.9,150,Yes
225,21,15,51.9,150,Yes
225,22,29,53.4,150,Yes
225,23,14,164.2,150,No
225,24,25,60.0,150,Yes
225,25,24,60.0,150,Yes
225,26,20,165.1,150,No
225,27,22,77.1,150,Yes
225,28,30,155.1,150,No
225,29,22,53.4,150,Yes
225,30,28,155.1,150,No
225,31,13,394.9,150,No
225,32,29,84.1,150,Yes
226,0,7,194.6,150,No
226,1,7,231.8,150,No
226,2,10,202.6,150,No
226,3,0,196.1,150,No
226,4,11,181.2,150,No
226,5,11,348.8,150,No
226,6,8,124.2,150,Yes
226,7,0,194.6,150,No
226,8,10,118.1,150,Yes
226,9,6,213.4,150,No
226,10,8,118.1,150,Yes
226,11,4,181.2,150,No
226,12,20,139.6,150,Yes
226,13,21,165.1,150,No
226,14,17,184.2,150,No
226,15,22,52.4,150,Yes
226,16,13,166.5,150,No
226,17,19,49.6,150,Yes
226,18,15,55.1,150,Yes
226,19,17,49.6,150,Yes
226,20,12,139.6,150,Yes
226,21,13,165.1,150,No
226,22,15,52.4,150,Yes
226,23,29,52.8,150,Yes
226,24,25,60.0,150,Yes
226,25,24,60.0,150,Yes
226,26,23,78.0,150,Yes
226,27,20,162.2,150,No
226,28,17,244.8,150,No
226,29,23,52.8,150,Yes
227,0,11,195.6,150,No
227,1,9,202.9,150,No
227,2,0,199.0,150,No
227,3,11,230.1,150,No
227,4,19,344.6,150,No
227,5,6,123.5,150,Yes
227,6,9,118.1,150,Yes
227,7,21,138.7,150,Yes
227,8,17,164.1,150,No
227,9,6,118.1,150,Yes
227,10,5,212.0,150,No
227,11,0,195.6,150,No
227,12,19,181.5,150,No
227,13,18,53.2,150,Yes
227,14,8,166.5,150,No
227,15,13,55.1,150,Yes
227,16,20,186.3,150,No
227,17,8,164.1,150,No
227,18,13,53.2,150,Yes
227,19,12,181.5,150,No
227,20,22,48.0,150,Yes
227,21,7,138.7,150,Yes
227,22,20,48.0,150,Yes
227,23,28,53.3,150,Yes
227,24,25,58.1,150,Yes
227,25,24,58.1,150,Yes
227,26,23,77.0,150,Yes
227,27,21,165.5,150,No
227,28,23,53.3,150,Yes
228,0,9,195.0,150,No
228,1,0,200.2,150,No
228,2,6,182.9,150,No
228,3,9,226.6,150,No
228,4,11,123.4,150,Yes
228,5,2,341.5,150,No
228,6,2,182.9,150,No
228,7,20,135.2,150,Yes
228,8,10,202.2,150,No
228,9,0,195.0,150,No
228,10,11,120.0,150,Yes
228,11,10,120.0,150,Yes
228,12,4,208.4,150,No
228,13,15,164.2,150,No
228,14,16,53.7,150,Yes
228,15,13,164.2,150,No
228,16,14,53.7,150,Yes
228,17,14,55.4,150,Yes
228,18,25,45.1,150,Yes
228,19,13,165.0,150,No
228,20,7,135.2,150,Yes
228,21,18,184.4,150,No
228,22,27,50.1,150,Yes
228,23,24,56.3,150,Yes
228,24,23,56.3,150,Yes
228,25,18,45.1,150,Yes
228,26,22,77.3,150,Yes
228,27,22,50.1,150,Yes
229,0,11,190.4,150,No
229,1,5,182.1,150,No
229,2,0,200.9,150,No
229,3,20,133.2,150,Yes
229,4,11,226.2,150,No
229,5,1,182.1,150,No
229,6,1,338.3,150,No
229,7,9,123.0,150,Yes
229,8,12,203.1,150,No
229,9,12,122.8,150,Yes
229,10,15,53.7,150,Yes
229,11,0,190.4,150,No
229,12,9,122.8,150,Yes
229,13,7,206.6,150,No
229,14,18,164.0,150,No
229,15,10,53.7,150,Yes
229,16,10,55.4,150,Yes
229,17,25,44.0,150,Yes
229,18,14,164.0,150,No
229,19,14,164.1,150,No
229,20,3,133.2,150,Yes
229,21,17,184.4,150,No
229,22,26,76.5,150,Yes
229,23,24,55.6,150,Yes
229,24,23,55.6,150,Yes
229,25,17,44.0,150,Yes
229,26,22,76.5,150,Yes
229,27,20,157.5,150,No
230,0,12,191.6,150,No
230,1,0,204.0,150,No
230,2,5,184.6,150,No
230,3,12,225.0,150,No
230,4,2,335.3,150,No
230,5,2,184.6,150,No
230,6,10,122.4,150,Yes
230,7,19,131.5,150,Yes
230,8,13,202.1,150,No
230,9,6,204.5,150,No
230,10,6,122.4,150,Yes
230,11,15,53.7,150,Yes
230,12,0,191.6,150,No
230,13,10,125.0,150,Yes
230,14,20,164.0,150,No
230,15,11,53.7,150,Yes
230,16,11,55.4,150,Yes
230,17,24,45.4,150,Yes
230,18,14,166.0,150,No
230,19,7,131.5,150,Yes
230,20,14,164.0,150,No
230,21,17,184.4,150,No
230,22,26,74.5,150,Yes
230,23,25,55.4,150,Yes
230,24,17,45.4,150,Yes
230,25,23,55.4,150,Yes
230,26,22,74.5,150,Yes
230,27,19,156.5,150,No
230,28,17,254.0,150,No
231,0,12,193.8,150,No
231,1,4,331.5,150,No
231,2,0,209.6,150,No
231,3,12,225.5,150,No
231,4,5,185.5,150,No
231,5,4,185.5,150,No
231,6,10,122.2,150,Yes
231,7,6,203.2,150,No
231,8,14,201.7,150,No
231,9,19,130.2,150,Yes
231,10,6,122.2,150,Yes
231,11,17,165.2,150,No
231,12,0,193.8,150,No
231,13,15,53.7,150,Yes
231,14,10,127.6,150,Yes
231,15,13,53.7,150,Yes
231,16,13,55.4,150,Yes
231,17,11,165.2,150,No
231,18,25,43.1,150,Yes
231,19,9,130.2,150,Yes
231,20,11,166.1,150,No
231,21,18,181.5,150,No
231,22,26,72.7,150,Yes
231,23,24,55.3,150,Yes
231,24,23,55.3,150,Yes
231,25,18,43.1,150,Yes
231,26,22,72.7,150,Yes
231,27,19,156.5,150,No
232,0,9,197.2,150,No
232,1,9,225.2,150,No
232,2,0,214.4,150,No
232,3,4,326.1,150,No
232,4,5,186.8,150,No
232,5,4,186.8,150,No
232,6,10,124.8,150,Yes
232,7,15,201.7,150,No
232,8,10,201.9,150,No
232,9,0,197.2,150,No
232,10,6,124.8,150,Yes
232,11,18,164.9,150,No
232,12,13,54.6,150,Yes
232,13,12,54.6,150,Yes
232,14,19,128.8,150,Yes
232,15,6,128.5,150,Yes
232,16,12,55.4,150,Yes
232,17,20,180.5,150,No
232,18,11,164.9,150,No
232,19,14,128.8,150,Yes
232,20,27,42.0,150,Yes
232,21,11,167.2,150,No
232,22,26,70.7,150,Yes
232,23,24,55.1,150,Yes
232,24,23,55.1,150,Yes
232,25,19,155.5,150,No
232,26,22,70.7,150,Yes
232,27,20,42.0,150,Yes
233,0,11,197.7,150,No
233,1,11,222.4,150,No
233,2,4,322.2,150,No
233,3,0,218.2,150,No
233,4,5,186.8,150,No
233,5,4,186.8,150,No
233,6,16,201.2,150,No
233,7,16,125.7,150,Yes
233,8,10,202.2,150,No
233,9,19,164.6,150,No
233,10,7,126.7,150,Yes
233,11,0,197.7,150,No
233,12,13,53.7,150,Yes
233,13,12,53.7,150,Yes
233,14,12,55.4,150,Yes
233,15,18,127.8,150,Yes
233,16,7,125.7,150,Yes
233,17,24,180.7,150,No
233,18,15,127.8,150,Yes
233,19,9,164.6,150,No
233,20,9,165.5,150,No
233,21,26,67.7,150,Yes
233,22,23,54.1,150,Yes
233,23,22,54.1,150,Yes
233,24,17,180.7,150,No
233,25,18,155.7,150,No
233,26,21,67.7,150,Yes
234,0,10,201.3,150,No
234,1,10,225.7,150,No
234,2,5,185.6,150,No
234,3,2,316.1,150,No
234,4,0,225.4,150,No
234,5,2,185.6,150,No
234,6,13,203.1,150,No
234,7,20,165.9,150,No
234,8,15,121.5,150,Yes
234,9,15,200.8,150,No
234,10,0,201.3,150,No
234,11,14,53.2,150,Yes
234,12,25,178.3,150,No
234,13,8,133.7,150,Yes
234,14,11,53.2,150,Yes
234,15,8,121.5,150,Yes
234,16,18,126.8,150,Yes
234,17,14,55.1,150,Yes
234,18,16,126.8,150,Yes
234,19,23,63.0,150,Yes
234,20,7,165.9,150,No
234,21,22,53.0,150,Yes
234,22,21,53.0,150,Yes
234,23,19,63.0,150,Yes
234,24,7,167.3,150,No
234,25,12,178.3,150,No
235,0,11,206.5,150,No
235,1,11,223.7,150,No
235,2,6,311.9,150,No
235,3,0,228.6,150,No
235,4,6,178.5,150,No
235,5,18,165.8,150,No
235,6,4,178.5,150,No
235,7,16,117.4,150,Yes
235,8,16,201.2,150,No
235,9,15,205.5,150,No
235,10,12,53.2,150,Yes
235,11,0,206.5,150,No
235,12,10,53.2,150,Yes
235,13,12,54.1,150,Yes
235,14,17,123.6,150,Yes
235,15,7,139.0,150,Yes
235,16,7,117.4,150,Yes
235,17,14,123.6,150,Yes
235,18,5,165.8,150,No
235,19,23,181.7,150,No
235,20,24,57.7,150,Yes
235,21,22,51.0,150,Yes
235,22,21,51.0,150,Yes
235,23,19,181.7,150,No
235,24,20,57.7,150,Yes
235,25,5,168.3,150,No
235,26,17,149.2,150,Yes
236,0,12,207.4,150,No
236,1,12,224.5,150,No
236,2,6,307.3,150,No
236,3,0,229.6,150,No
236,4,17,199.5,150,No
236,5,8,141.5,150,Yes
236,6,9,172.7,150,No
236,7,18,163.5,150,No
236,8,17,116.5,150,Yes
236,9,6,172.7,150,No
236,10,13,51.9,150,Yes
236,11,5,205.3,150,No
236,12,0,207.4,150,No
236,13,10,51.9,150,Yes
236,14,24,186.3,150,No
236,15,19,123.6,150,Yes
236,16,13,54.1,150,Yes
236,17,8,116.5,150,Yes
236,18,7,163.5,150,No
236,19,15,123.6,150,Yes
236,20,7,169.2,150,No
236,21,22,53.2,150,Yes
236,22,21,53.2,150,Yes
236,23,25,51.0,150,Yes
236,24,28,40.1,150,Yes
236,25,23,51.0,150,Yes
236,26,24,254.7,150,No
236,27,19,149.1,150,Yes
236,28,24,40.1,150,Yes
237,0,14,207.7,150,No
237,1,14,227.1,150,No
237,2,0,230.2,150,No
237,3,5,303.8,150,No
237,4,17,199.0,150,No
237,5,10,166.9,150,No
237,6,7,144.9,150,Yes
237,7,17,115.2,150,Yes
237,8,20,162.4,150,No
237,9,24,189.0,150,No
237,10,5,166.9,150,No
237,11,6,204.2,150,No
237,12,13,52.8,150,Yes
237,13,12,52.8,150,Yes
237,14,0,207.7,150,No
237,15,13,54.1,150,Yes
237,16,18,120.5,150,Yes
237,17,7,115.2,150,Yes
237,18,16,120.5,150,Yes
237,19,21,48.1,150,Yes
237,20,8,162.4,150,No
237,21,19,48.1,150,Yes
237,22,8,170.3,150,No
237,23,25,51.0,150,Yes
237,24,26,41.5,150,Yes
237,25,23,51.0,150,Yes
237,26,24,41.5,150,Yes
237,27,24,258.1,150,No
237,28,18,146.1,150,Yes
237,29,19,126.5,150,Yes
238,0,16,208.9,150,No
238,1,16,229.0,150,No
238,2,12,298.3,150,No
238,3,0,232.7,150,No
238,4,17,197.2,150,No
238,5,7,145.6,150,Yes
238,6,27,187.1,150,No
238,7,17,114.8,150,Yes
238,8,5,206.2,150,No
238,9,12,163.7,150,No
238,10,19,161.3,150,No
238,11,18,119.9,150,Yes
238,12,9,163.7,150,No
238,13,14,51.9,150,Yes
238,14,13,51.9,150,Yes
238,15,14,53.2,150,Yes
238,16,0,208.9,150,No
238,17,7,114.8,150,Yes
238,18,11,119.9,150,Yes
238,19,10,161.3,150,No
238,20,22,44.6,150,Yes
238,21,10,170.5,150,No
238,22,20,44.6,150,Yes
238,23,24,52.0,150,Yes
238,24,23,52.0,150,Yes
238,25,18,146.2,150,Yes
238,26,28,251.6,150,No
238,27,28,50.6,150,Yes
238,28,27,50.6,150,Yes
239,0,13,211.3,150,No
239,1,13,225.9,150,No
239,2,5,297.7,150,No
239,3,7,146.0,150,Yes
239,4,16,194.9,150,No
239,5,21,161.5,150,No
239,6,0,238.1,150,No
239,7,16,117.4,150,Yes
239,8,3,208.0,150,No
239,9,20,160.2,150,No
239,10,12,52.8,150,Yes
239,11,27,193.0,150,No
239,12,10,52.8,150,Yes
239,13,0,211.3,150,No
239,14,19,117.3,150,Yes
239,15,12,52.9,150,Yes
239,16,7,117.4,150,Yes
239,17,25,43.8,150,Yes
239,18,9,171.5,150,No
239,19,14,117.3,150,Yes
239,20,9,160.2,150,No
239,21,5,161.5,150,No
239,22,23,51.2,150,Yes
239,23,22,51.2,150,Yes
239,24,27,51.6,150,Yes
239,25,17,43.8,150,Yes
239,26,19,144.3,150,Yes
239,27,24,51.6,150,Yes
239,28,24,242.9,150,No
240,0,12,211.7,150,No
240,1,12,224.5,150,No
240,2,4,294.3,150,No
240,3,6,147.3,150,Yes
240,4,20,158.2,150,No
240,5,15,192.6,150,No
240,6,15,116.5,150,Yes
240,7,0,243.5,150,No
240,8,19,160.2,150,No
240,9,3,208.0,150,No
240,10,13,53.3,150,Yes
240,11,25,196.9,150,No
240,12,0,211.7,150,No
240,13,14,52.9,150,Yes
240,14,13,52.9,150,Yes
240,15,6,116.5,150,Yes
240,16,8,173.0,150,No
240,17,18,116.4,150,Yes
240,18,17,116.4,150,Yes
240,19,8,160.2,150,No
240,20,4,158.2,150,No
240,21,27,41.7,150,Yes
240,22,23,52.3,150,Yes
240,23,22,52.3,150,Yes
240,24,26,238.1,150,No
240,25,26,53.6,150,Yes
240,26,25,53.6,150,Yes
240,27,21,41.7,150,Yes
240,28,18,143.4,150,Yes
241,0,9,212.0,150,No
241,1,9,222.0,150,No
241,2,6,146.6,150,Yes
241,3,0,248.5,150,No
241,4,5,292.2,150,No
241,5,23,157.9,150,No
241,6,14,118.7,150,Yes
241,7,14,189.8,150,No
241,8,25,197.7,150,No
241,9,0,212.0,150,No
241,10,17,159.2,150,No
241,11,2,208.0,150,No
241,12,13,53.3,150,Yes
241,13,12,53.3,150,Yes
241,14,6,118.7,150,Yes
241,15,12,53.9,150,Yes
241,16,19,115.4,150,Yes
241,17,10,159.2,150,No
241,18,10,173.5,150,No
241,19,16,115.4,150,Yes
241,20,26,43.0,150,Yes
241,21,22,52.5,150,Yes
241,22,21,52.5,150,Yes
241,23,5,157.9,150,No
241,24,27,243.8,150,No
241,25,27,51.3,150,Yes
241,26,20,43.0,150,Yes
241,27,25,51.3,150,Yes
241,28,19,140.6,150,Yes
242,0,12,209.4,150,No
242,1,12,221.7,150,No
242,2,5,285.7,150,No
242,3,8,149.3,150,Yes
242,4,2,291.3,150,No
242,5,0,253.3,150,No
242,6,15,187.5,150,No
242,7,26,201.9,150,No
242,8,15,118.3,150,Yes
242,9,3,210.1,150,No
242,10,17,159.1,150,No
242,11,13,53.7,150,Yes
242,12,0,209.4,150,No
242,13,11,53.7,150,Yes
242,14,11,54.1,150,Yes
242,15,8,118.3,150,Yes
242,16,18,113.3,150,Yes
242,17,10,159.1,150,No
242,18,16,113.3,150,Yes
242,19,10,173.8,150,No
242,20,1,454.5,150,No
242,21,22,53.6,150,Yes
242,22,21,53.6,150,Yes
242,23,25,245.1,150,No
242,24,28,41.6,150,Yes
242,25,26,47.7,150,Yes
242,26,25,47.7,150,Yes
242,27,18,135.7,150,Yes
242,28,24,41.6,150,Yes
243,0,10,203.7,150,No
243,1,0,261.6,150,No
243,2,1,288.2,150,No
243,3,10,222.3,150,No
243,4,9,152.8,150,No
243,5,15,186.6,150,No
243,6,2,291.2,150,No
243,7,28,198.9,150,No
243,8,4,211.3,150,No
243,9,15,119.2,150,Yes
243,10,0,203.7,150,No
243,11,12,53.7,150,Yes
243,12,11,53.7,150,Yes
243,13,19,158.1,150,No
243,14,11,54.1,150,Yes
243,15,9,119.2,150,Yes
243,16,25,233.8,150,No
243,17,18,111.3,150,Yes
243,18,17,111.3,150,Yes
243,19,13,158.1,150,No
243,20,21,53.6,150,Yes
243,21,20,53.6,150,Yes
243,22,27,39.4,150,Yes
243,23,3,445.1,150,No
243,24,13,175.3,150,No
243,25,29,27.5,150,Yes
243,26,18,135.0,150,Yes
243,27,22,39.4,150,Yes
243,28,29,45.9,150,Yes
243,29,25,27.5,150,Yes
244,0,15,191.4,150,No
244,1,15,232.4,150,No
244,2,15,268.1,150,No
244,3,7,284.4,150,No
244,4,8,162.1,150,No
244,5,14,187.1,150,No
244,6,4,212.7,150,No
244,7,3,284.4,150,No
244,8,14,122.4,150,Yes
244,9,26,199.7,150,No
244,10,17,158.1,150,No
244,11,13,54.1,150,Yes
244,12,18,109.2,150,Yes
244,13,11,54.1,150,Yes
244,14,19,120.2,150,Yes
244,15,0,191.4,150,No
244,16,11,55.0,150,Yes
244,17,10,158.1,150,No
244,18,12,109.2,150,Yes
244,19,20,52.2,150,Yes
244,20,19,52.2,150,Yes
244,21,10,176.8,150,No
244,22,28,244.8,150,No
244,23,1,425.7,150,No
244,24,27,35.0,150,Yes
244,25,18,132.2,150,Yes
244,26,28,54.1,150,Yes
244,27,24,35.0,150,Yes
244,28,26,54.1,150,Yes
245,0,14,192.3,150,No
245,1,14,232.7,150,No
245,2,9,282.6,150,No
245,3,14,270.0,150,No
245,4,7,170.4,150,No
245,5,4,217.3,150,No
245,6,10,186.7,150,No
245,7,10,120.2,150,Yes
245,8,19,108.9,150,Yes
245,9,2,282.6,150,No
245,10,17,118.8,150,Yes
245,11,16,55.0,150,Yes
245,12,11,55.1,150,Yes
245,13,18,159.1,150,No
245,14,0,192.3,150,No
245,15,22,199.4,150,No
245,16,11,55.0,150,Yes
245,17,20,51.2,150,Yes
245,18,13,159.1,150,No
245,19,8,108.9,150,Yes
245,20,17,51.2,150,Yes
245,21,1,414.4,150,No
245,22,28,55.3,150,Yes
245,23,27,33.3,150,Yes
245,24,19,131.1,150,Yes
245,25,28,239.0,150,No
245,26,13,178.5,150,No
245,27,23,33.3,150,Yes
245,28,22,55.3,150,Yes
246,0,15,268.3,150,No
246,1,15,189.0,150,No
246,2,15,237.7,150,No
246,3,10,278.1,150,No
246,4,7,175.9,150,No
246,5,11,188.4,150,No
246,6,19,108.5,150,Yes
246,7,11,116.5,150,Yes
246,8,4,216.9,150,No
246,9,14,53.2,150,Yes
246,10,3,278.1,150,No
246,11,7,116.5,150,Yes
246,12,17,158.2,150,No
246,13,9,55.0,150,Yes
246,14,9,53.2,150,Yes
246,15,1,189.0,150,No
246,16,22,200.9,150,No
246,17,12,158.2,150,No
246,18,20,52.1,150,Yes
246,19,6,108.5,150,Yes
246,20,18,52.1,150,Yes
246,21,2,408.9,150,No
246,22,26,47.4,150,Yes
246,23,19,130.2,150,Yes
246,24,27,32.5,150,Yes
246,25,12,179.6,150,No
246,26,22,47.4,150,Yes
246,27,24,32.5,150,Yes
247,0,17,186.8,150,No
247,1,17,269.7,150,No
247,2,17,240.6,150,No
247,3,7,272.7,150,No
247,4,9,180.4,150,No
247,5,18,106.4,150,Yes
247,6,12,189.8,150,No
247,7,3,272.7,150,No
247,8,23,200.6,150,No
247,9,12,115.2,150,Yes
247,10,4,217.8,150,No
247,11,15,53.5,150,Yes
247,12,9,115.2,150,Yes
247,13,20,158.1,150,No
247,14,11,55.0,150,Yes
247,15,11,53.5,150,Yes
247,16,2,401.6,150,No
247,17,0,186.8,150,No
247,18,5,106.4,150,Yes
247,19,21,53.0,150,Yes
247,20,13,158.1,150,No
247,21,19,53.0,150,Yes
247,22,18,130.2,150,Yes
247,23,25,46.7,150,Yes
247,24,13,181.9,150,No
247,25,23,46.7,150,Yes
247,26,21,274.2,150,No
248,0,17,184.1,150,No
248,1,17,269.3,150,No
248,2,4,269.2,150,No
248,3,17,244.8,150,No
248,4,2,269.2,150,No
248,5,10,183.6,150,No
248,6,20,105.4,150,Yes
248,7,12,189.8,150,No
248,8,22,201.8,150,No
248,9,5,217.6,150,No
248,10,12,113.3,150,Yes
248,11,13,53.2,150,Yes
248,12,10,113.3,150,Yes
248,13,11,53.2,150,Yes
248,14,18,156.1,150,No
248,15,13,54.4,150,Yes
248,16,3,396.6,150,No
248,17,0,184.1,150,No
248,18,14,156.1,150,No
248,19,21,53.0,150,Yes
248,20,6,105.4,150,Yes
248,21,19,53.0,150,Yes
248,22,24,44.1,150,Yes
248,23,20,129.4,150,Yes
248,24,22,44.1,150,Yes
248,25,21,273.3,150,No
248,26,14,181.9,150,No
249,0,9,183.6,150,No
249,1,9,243.3,150,No
249,2,9,274.1,150,No
249,3,10,188.4,150,No
249,4,6,261.6,150,No
249,5,15,191.1,150,No
249,6,4,261.6,150,No
249,7,27,207.5,150,No
249,8,3,217.6,150,No
249,9,0,183.6,150,No
249,10,15,112.0,150,Yes
249,11,19,102.3,150,Yes
249,12,14,54.1,150,Yes
249,13,1,384.4,150,No
249,14,12,54.1,150,Yes
249,15,10,112.0,150,Yes
249,16,12,54.4,150,Yes
249,17,18,157.0,150,No
249,18,17,157.0,150,No
249,19,11,102.3,150,Yes
249,20,21,54.0,150,Yes
249,21,20,54.0,150,Yes
249,22,18,181.7,150,No
249,23,19,129.4,150,Yes
249,24,21,264.0,150,No
249,25,26,95.6,150,Yes
249,26,27,45.9,150,Yes
249,27,26,45.9,150,Yes
250,0,11,260.2,150,No
250,1,6,184.1,150,No
250,2,6,243.3,150,No
250,3,6,274.6,150,No
250,4,9,190.1,150,No
250,5,14,189.2,150,No
250,6,1,184.1,150,No
250,7,26,204.9,150,No
250,8,4,218.9,150,No
250,9,14,112.4,150,Yes
250,10,13,54.1,150,Yes
250,11,0,260.2,150,No
250,12,19,100.3,150,Yes
250,13,10,54.1,150,Yes
250,14,9,112.4,150,Yes
250,15,10,56.1,150,Yes
250,16,25,137.0,150,Yes
250,17,2,378.1,150,No
250,18,16,155.0,150,No
250,19,12,100.3,150,Yes
250,20,22,53.0,150,Yes
250,21,18,182.0,150,No
250,22,20,53.0,150,Yes
250,23,19,129.6,150,Yes
250,24,26,94.5,150,Yes
250,25,16,137.0,150,Yes
250,26,27,44.4,150,Yes
250,27,26,44.4,150,Yes
250,28,22,258.5,150,No
251,0,11,240.1,150,No
251,1,11,275.9,150,No
251,2,11,184.6,150,No
251,3,8,256.7,150,No
251,4,7,191.7,150,No
251,5,12,190.5,150,No
251,6,4,219.5,150,No
251,7,12,111.6,150,Yes
251,8,3,256.7,150,No
251,9,13,53.9,150,Yes
251,10,24,207.9,150,No
251,11,2,184.6,150,No
251,12,19,107.7,150,Yes
251,13,9,53.9,150,Yes
251,14,20,99.0,150,Yes
251,15,26,137.4,150,Yes
251,16,0,365.0,150,No
251,17,15,156.0,150,No
251,18,9,55.4,150,Yes
251,19,22,54.0,150,Yes
251,20,14,99.0,150,Yes
251,21,17,182.9,150,No
251,22,19,54.0,150,Yes
251,23,20,129.1,150,Yes
251,24,28,43.4,150,Yes
251,25,29,65.4,150,Yes
251,26,15,137.4,150,Yes
251,27,22,255.7,150,No
251,28,24,43.4,150,Yes
251,29,28,54.3,150,Yes
252,0,10,185.6,150,No
252,1,10,236.2,150,No
252,2,11,255.3,150,No
252,3,10,276.5,150,No
252,4,6,192.0,150,No
252,5,9,189.2,150,No
252,6,9,111.1,150,Yes
252,7,4,219.8,150,No
252,8,13,52.9,150,Yes
252,9,16,107.8,150,Yes
252,10,0,185.6,150,No
252,11,2,255.3,150,No
252,12,1,354.2,150,No
252,13,8,52.9,150,Yes
252,14,26,215.1,150,No
252,15,20,100.0,150,Yes
252,16,21,54.1,150,Yes
252,17,18,155.1,150,No
252,18,25,136.5,150,Yes
252,19,8,55.0,150,Yes
252,20,15,100.0,150,Yes
252,21,16,54.1,150,Yes
252,22,17,184.6,150,No
252,23,26,99.2,150,Yes
252,24,20,127.1,150,Yes
252,25,18,136.5,150,Yes
252,26,28,42.1,150,Yes
252,27,21,251.3,150,No
252,28,26,42.1,150,Yes
253,0,13,235.0,150,No
253,1,13,276.0,150,No
253,2,13,184.9,150,No
253,3,10,188.7,150,No
253,4,7,193.0,150,No
253,5,6,250.8,150,No
253,6,5,250.8,150,No
253,7,10,112.4,150,Yes
253,8,4,219.5,150,No
253,9,28,217.5,150,No
253,10,18,104.6,150,Yes
253,11,14,53.2,150,Yes
253,12,0,339.0,150,No
253,13,2,184.9,150,No
253,14,11,53.2,150,Yes
253,15,17,155.1,150,No
253,16,21,97.7,150,Yes
253,17,27,137.8,150,Yes
253,18,20,54.5,150,Yes
253,19,15,185.5,150,No
253,20,18,54.5,150,Yes
253,21,16,97.7,150,Yes
253,22,11,54.1,150,Yes
253,23,21,127.5,150,Yes
253,24,29,31.0,150,Yes
253,25,28,39.2,150,Yes
253,26,20,247.6,150,No
253,27,17,137.8,150,Yes
253,28,25,39.2,150,Yes
253,29,24,31.0,150,Yes
254,0,16,288.9,150,No
254,1,16,188.7,150,No
254,2,3,242.2,150,No
254,3,2,242.2,150,No
254,4,16,221.9,150,No
254,5,11,187.1,150,No
254,6,8,197.5,150,No
254,7,29,219.0,150,No
254,8,11,112.0,150,Yes
254,9,6,221.7,150,No
254,10,22,53.2,150,Yes
254,11,19,100.8,150,Yes
254,12,4,324.7,150,No
254,13,17,155.4,150,No
254,14,21,96.4,150,Yes
254,15,10,54.1,150,Yes
254,16,1,188.7,150,No
254,17,26,141.4,150,Yes
254,18,13,188.2,150,No
254,19,20,54.7,150,Yes
254,20,19,54.7,150,Yes
254,21,14,96.4,150,Yes
254,22,10,53.2,150,Yes
254,23,20,248.4,150,No
254,24,27,28.0,150,Yes
254,25,21,125.4,150,Yes
254,26,17,141.4,150,Yes
254,27,24,28.0,150,Yes
254,28,29,32.6,150,Yes
254,29,28,32.6,150,Yes
255,0,6,242.3,150,No
255,1,17,225.5,150,No
255,2,17,288.4,150,No
255,3,17,184.3,150,No
255,4,11,199.5,150,No
255,5,12,188.4,150,No
255,6,0,242.3,150,No
255,7,28,217.2,150,No
255,8,4,222.4,150,No
255,9,18,52.6,150,Yes
255,10,21,95.2,150,Yes
255,11,12,112.4,150,Yes
255,12,19,98.2,150,Yes
255,13,25,152.8,150,No
255,14,9,53.8,150,Yes
255,15,16,156.5,150,No
255,16,29,142.2,150,Yes
255,17,3,184.3,150,No
255,18,9,52.6,150,Yes
255,19,20,55.7,150,Yes
255,20,19,55.7,150,Yes
255,21,10,95.2,150,Yes
255,22,15,189.4,150,No
255,23,28,35.4,150,Yes
255,24,20,248.6,150,No
255,25,13,152.8,150,No
255,26,21,124.7,150,Yes
255,27,30,32.0,150,Yes
255,28,23,35.4,150,Yes
255,29,16,142.2,150,Yes
255,30,27,32.0,150,Yes
256,0,7,238.3,150,No
256,1,17,231.2,150,No
256,2,17,290.4,150,No
256,3,17,175.1,150,No
256,4,11,189.4,150,No
256,5,10,203.6,150,No
256,6,15,50.7,150,Yes
256,7,0,238.3,150,No
256,8,5,225.8,150,No
256,9,22,93.0,150,Yes
256,10,11,112.0,150,Yes
256,11,21,95.7,150,Yes
256,12,16,156.4,150,No
256,13,6,54.1,150,Yes
256,14,28,216.2,150,No
256,15,6,50.7,150,Yes
256,16,29,141.3,150,Yes
256,17,3,175.1,150,No
256,18,19,163.0,150,No
256,19,18,163.0,150,No
256,20,21,54.6,150,Yes
256,21,20,54.6,150,Yes
256,22,9,93.0,150,Yes
256,23,31,50.3,150,Yes
256,24,28,34.1,150,Yes
256,25,26,32.6,150,Yes
256,26,25,32.6,150,Yes
256,27,12,188.5,150,No
256,28,24,34.1,150,Yes
256,29,16,141.3,150,Yes
256,30,20,246.6,150,No
256,31,23,50.3,150,Yes
257,0,9,236.5,150,No
257,1,12,233.1,150,No
257,2,12,297.3,150,No
257,3,12,170.8,150,No
257,4,8,211.7,150,No
257,5,24,189.6,150,No
257,6,19,51.3,150,Yes
257,7,4,228.0,150,No
257,8,10,112.4,150,Yes
257,9,0,236.5,150,No
257,10,21,93.0,150,Yes
257,11,23,228.6,150,No
257,12,3,170.8,150,No
257,13,22,91.0,150,Yes
257,14,15,177.7,150,No
257,15,14,177.7,150,No
257,16,6,54.1,150,Yes
257,17,18,159.5,150,No
257,18,17,159.5,150,No
257,19,6,51.3,150,Yes
257,20,21,54.2,150,Yes
257,21,20,54.2,150,Yes
257,22,13,91.0,150,Yes
257,23,27,95.9,150,Yes
257,24,29,49.6,150,Yes
257,25,27,20.6,150,Yes
257,26,25,36.2,150,Yes
257,27,25,20.6,150,Yes
257,28,20,245.6,150,No
257,29,24,49.6,150,Yes
258,0,14,238.0,150,No
258,1,6,229.7,150,No
258,2,14,304.4,150,No
258,3,14,166.2,150,No
258,4,24,188.6,150,No
258,5,10,216.9,150,No
258,6,1,229.7,150,No
258,7,5,233.0,150,No
258,8,18,50.9,150,Yes
258,9,23,229.4,150,No
258,10,12,113.3,150,Yes
258,11,20,176.9,150,No
258,12,21,91.4,150,Yes
258,13,16,158.5,150,No
258,14,3,166.2,150,No
258,15,22,92.0,150,Yes
258,16,13,158.5,150,No
258,17,8,53.5,150,Yes
258,18,8,50.9,150,Yes
258,19,21,53.1,150,Yes
258,20,11,176.9,150,No
258,21,19,53.1,150,Yes
258,22,15,92.0,150,Yes
258,23,25,107.5,150,Yes
258,24,27,51.5,150,Yes
258,25,26,44.6,150,Yes
258,26,25,44.6,150,Yes
258,27,24,51.5,150,Yes
259,0,15,246.0,150,No
259,1,15,312.6,150,No
259,2,11,222.9,150,No
259,3,15,163.6,150,No
259,4,16,184.7,150,No
259,5,9,230.3,150,No
259,6,24,188.7,150,No
259,7,5,239.0,150,No
259,8,18,51.3,150,Yes
259,9,14,110.2,150,Yes
259,10,26,224.9,150,No
259,11,2,222.9,150,No
259,12,19,158.6,150,No
259,13,8,53.8,150,Yes
259,14,21,88.1,150,Yes
259,15,3,163.6,150,No
259,16,4,184.7,150,No
259,17,22,91.0,150,Yes
259,18,8,51.3,150,Yes
259,19,12,158.6,150,No
259,20,21,52.0,150,Yes
259,21,20,52.0,150,Yes
259,22,17,91.0,150,Yes
259,23,25,50.2,150,Yes
259,24,22,122.5,150,Yes
259,25,23,50.2,150,Yes
259,26,23,111.9,150,Yes
259,27,20,243.2,150,No
260,0,12,315.8,150,No
260,1,12,251.0,150,No
260,2,12,160.2,150,No
260,3,6,220.2,150,No
260,4,25,188.7,150,No
260,5,11,233.5,150,No
260,6,3,220.2,150,No
260,7,21,188.5,150,No
260,8,24,225.2,150,No
260,9,5,243.9,150,No
260,10,15,50.3,150,Yes
260,11,16,109.8,150,Yes
260,12,2,160.2,150,No
260,13,26,143.3,150,Yes
260,14,10,54.4,150,Yes
260,15,10,50.3,150,Yes
260,16,19,87.2,150,Yes
260,17,13,158.6,150,No
260,18,22,89.1,150,Yes
260,19,20,51.0,150,Yes
260,20,19,51.0,150,Yes
260,21,7,188.5,150,No
260,22,18,89.1,150,Yes
260,23,27,50.7,150,Yes
260,24,23,111.8,150,Yes
260,25,22,122.3,150,Yes
260,26,13,143.3,150,Yes
260,27,23,50.7,150,Yes
261,0,9,320.4,150,No
261,1,9,251.1,150,No
261,2,7,219.3,150,No
261,3,25,188.8,150,No
261,4,12,238.9,150,No
261,5,9,159.4,150,No
261,6,13,187.3,150,No
261,7,2,219.3,150,No
261,8,26,222.7,150,No
261,9,5,159.4,150,No
261,10,4,248.4,150,No
261,11,17,51.3,150,Yes
261,12,16,106.6,150,Yes
261,13,6,187.3,150,No
261,14,24,142.9,150,Yes
261,15,11,53.5,150,Yes
261,16,21,87.2,150,Yes
261,17,11,51.3,150,Yes
261,18,14,158.6,150,No
261,19,21,50.0,150,Yes
261,20,22,88.1,150,Yes
261,21,19,50.0,150,Yes
261,22,20,88.1,150,Yes
261,23,26,119.0,150,Yes
261,24,14,142.9,150,Yes
261,25,22,121.6,150,Yes
261,26,23,119.0,150,Yes
261,27,19,236.9,150,No
262,0,10,251.0,150,No
262,1,10,319.7,150,No
262,2,12,215.8,150,No
262,3,16,188.7,150,No
262,4,26,186.0,150,No
262,5,11,241.2,150,No
262,6,10,159.5,150,No
262,7,24,223.7,150,No
262,8,5,250.5,150,No
262,9,18,52.4,150,Yes
262,10,6,159.5,150,No
262,11,15,106.2,150,Yes
262,12,2,215.8,150,No
262,13,25,146.5,150,Yes
262,14,9,54.1,150,Yes
262,15,20,86.3,150,Yes
262,16,3,188.7,150,No
262,17,13,158.6,150,No
262,18,9,52.4,150,Yes
262,19,20,50.0,150,Yes
262,20,19,50.0,150,Yes
262,21,22,86.1,150,Yes
262,22,21,86.1,150,Yes
262,23,24,119.0,150,Yes
262,24,23,119.0,150,Yes
262,25,13,146.5,150,Yes
262,26,22,120.6,150,Yes
262,27,19,233.8,150,No
263,0,20,245.7,150,No
263,1,22,194.6,150,No
263,2,5,318.1,150,No
263,3,25,184.3,150,No
263,4,9,211.6,150,No
263,5,13,243.5,150,No
263,6,23,223.4,150,No
263,7,20,161.0,150,No
263,8,16,53.7,150,Yes
263,9,4,211.6,150,No
263,10,5,253.5,150,No
263,11,24,148.2,150,Yes
263,12,8,54.1,150,Yes
263,13,14,106.2,150,Yes
263,14,19,84.6,150,Yes
263,15,19,50.0,150,Yes
263,16,8,53.7,150,Yes
263,17,21,84.1,150,Yes
263,18,11,155.8,150,No
263,19,15,50.0,150,Yes
263,20,7,161.0,150,No
263,21,17,84.1,150,Yes
263,22,1,194.6,150,No
263,23,6,223.4,150,No
263,24,11,148.2,150,Yes
263,25,21,118.4,150,Yes
264,0,3,315.9,150,No
264,1,8,236.8,150,No
264,2,23,225.0,150,No
264,3,10,245.8,150,No
264,4,26,182.0,150,No
264,5,8,198.1,150,No
264,6,16,161.6,150,No
264,7,19,52.9,150,Yes
264,8,5,198.1,150,No
264,9,3,258.2,150,No
264,10,14,105.8,150,Yes
264,11,28,149.7,150,Yes
264,12,7,54.1,150,Yes
264,13,20,50.2,150,Yes
264,14,20,80.4,150,Yes
264,15,18,208.3,150,No
264,16,6,161.6,150,No
264,17,11,157.3,150,No
264,18,15,208.3,150,No
264,19,7,52.9,150,Yes
264,20,13,50.2,150,Yes
264,21,22,81.2,150,Yes
264,22,21,81.2,150,Yes
264,23,27,130.3,150,Yes
264,24,13,220.1,150,No
264,25,29,65.5,150,Yes
264,26,21,115.4,150,Yes
264,27,29,15.8,150,Yes
264,28,11,149.7,150,Yes
264,29,27,15.8,150,Yes
265,0,3,314.0,150,No
265,1,9,227.8,150,No
265,2,24,231.9,150,No
265,3,6,246.3,150,No
265,4,9,202.9,150,No
265,5,26,177.2,150,No
265,6,13,105.3,150,Yes
265,7,17,52.9,150,Yes
265,8,14,163.2,150,No
265,9,4,202.9,150,No
265,10,3,258.8,150,No
265,11,21,158.7,150,No
265,12,7,54.4,150,Yes
265,13,18,81.6,150,Yes
265,14,8,163.2,150,No
265,15,20,207.3,150,No
265,16,18,49.5,150,Yes
265,17,7,52.9,150,Yes
265,18,16,49.5,150,Yes
265,19,22,80.2,150,Yes
265,20,15,207.3,150,No
265,21,11,158.7,150,No
265,22,19,80.2,150,Yes
265,23,16,217.4,150,No
265,24,27,137.4,150,Yes
265,25,27,78.2,150,Yes
265,26,19,114.8,150,Yes
265,27,25,78.2,150,Yes
266,0,3,311.6,150,No
266,1,5,215.4,150,No
266,2,27,238.3,150,No
266,3,6,248.2,150,No
266,4,25,176.4,150,No
266,5,14,213.6,150,No
266,6,13,106.6,150,Yes
266,7,11,52.6,150,Yes
266,8,12,163.8,150,No
266,9,3,260.2,150,No
266,10,18,159.0,150,No
266,11,7,52.6,150,Yes
266,12,8,163.8,150,No
266,13,19,81.3,150,Yes
266,14,5,213.6,150,No
266,15,16,199.4,150,No
266,16,15,199.4,150,No
266,17,19,50.8,150,Yes
266,18,10,159.0,150,No
266,19,17,50.8,150,Yes
266,20,7,52.9,150,Yes
266,21,23,80.4,150,Yes
266,22,17,213.2,150,No
266,23,21,80.4,150,Yes
266,24,26,79.8,150,Yes
266,25,21,113.2,150,Yes
266,26,24,79.8,150,Yes
266,27,26,140.9,150,Yes
267,0,2,308.3,150,No
267,1,4,206.3,150,No
267,2,7,250.4,150,No
267,3,25,241.5,150,No
267,4,1,206.3,150,No
267,5,28,173.4,150,No
267,6,15,164.8,150,No
267,7,12,104.9,150,Yes
267,8,18,51.6,150,Yes
267,9,22,260.7,150,No
267,10,8,52.8,150,Yes
267,11,20,52.6,150,Yes
267,12,20,79.1,150,Yes
267,13,29,152.6,150,No
267,14,13,159.5,150,No
267,15,6,164.8,150,No
267,16,17,195.5,150,No
267,17,16,195.5,150,No
267,18,8,51.6,150,Yes
267,19,27,18.1,150,Yes
267,20,11,52.6,150,Yes
267,21,23,80.6,150,Yes
267,22,11,213.7,150,No
267,23,21,80.6,150,Yes
267,24,26,80.5,150,Yes
267,25,26,144.9,150,Yes
267,26,24,80.5,150,Yes
267,27,19,18.1,150,Yes
267,28,21,113.9,150,Yes
267,29,13,152.6,150,No
268,0,2,303.6,150,No
268,1,4,200.8,150,No
268,2,10,253.7,150,No
268,3,27,170.5,150,No
268,4,1,200.8,150,No
268,5,25,243.7,150,No
268,6,26,163.6,150,No
268,7,17,51.6,150,Yes
268,8,21,258.9,150,No
268,9,7,53.1,150,Yes
268,10,14,105.3,150,Yes
268,11,20,191.6,150,No
268,12,18,52.6,150,Yes
268,13,28,154.9,150,No
268,14,18,79.6,150,Yes
268,15,4,222.8,150,No
268,16,13,159.5,150,No
268,17,7,51.6,150,Yes
268,18,12,52.6,150,Yes
268,19,23,78.9,150,Yes
268,20,11,191.6,150,No
268,21,12,210.3,150,No
268,22,24,92.2,150,Yes
268,23,19,78.9,150,Yes
268,24,22,92.2,150,Yes
268,25,22,152.7,150,No
268,26,6,163.6,150,No
268,27,19,113.5,150,Yes
268,28,13,154.9,150,No
269,0,2,290.5,150,No
269,1,11,190.9,150,No
269,2,9,266.7,150,No
269,3,27,170.2,150,No
269,4,16,183.2,150,No
269,5,19,52.9,150,Yes
269,6,25,248.8,150,No
269,7,11,230.6,150,No
269,8,1,246.1,150,No
269,9,13,105.8,150,Yes
269,10,21,258.1,150,No
269,11,1,190.9,150,No
269,12,5,54.7,150,Yes
269,13,18,78.9,150,Yes
269,14,24,147.0,150,Yes
269,15,18,52.2,150,Yes
269,16,4,183.2,150,No
269,17,23,79.1,150,Yes
269,18,15,52.2,150,Yes
269,19,5,52.9,150,Yes
269,20,24,12.2,150,Yes
269,21,15,208.8,150,No
269,22,26,101.0,150,Yes
269,23,17,79.1,150,Yes
269,24,20,12.2,150,Yes
269,25,22,160.3,150,No
269,26,22,101.0,150,Yes
269,27,29,60.5,150,Yes
269,28,14,161.0,150,No
269,29,27,60.5,150,Yes
270,0,2,280.3,150,No
270,1,9,188.5,150,No
270,2,7,274.5,150,No
270,3,16,179.5,150,No
270,4,28,166.2,150,No
270,5,9,233.6,150,No
270,6,19,52.9,150,Yes
270,7,14,106.4,150,Yes
270,8,1,249.6,150,No
270,9,1,188.5,150,No
270,10,25,262.5,150,No
270,11,22,258.5,150,No
270,12,18,53.1,150,Yes
270,13,6,55.0,150,Yes
270,14,18,78.4,150,Yes
270,15,24,145.0,150,Yes
270,16,3,179.5,150,No
270,17,21,77.6,150,Yes
270,18,12,53.1,150,Yes
270,19,6,52.9,150,Yes
270,20,24,11.0,150,Yes
270,21,17,77.6,150,Yes
270,22,12,206.7,150,No
270,23,27,109.6,150,Yes
270,24,20,11.0,150,Yes
270,25,27,152.3,150,No
270,26,15,162.3,150,No
270,27,23,109.6,150,Yes
270,28,29,60.7,150,Yes
270,29,28,60.7,150,Yes
271,0,2,272.6,150,No
271,1,4,184.0,150,No
271,2,0,272.6,150,No
271,3,25,167.0,150,No
271,4,1,184.0,150,No
271,5,4,238.4,150,No
271,6,23,268.6,150,No
271,7,12,104.5,150,Yes
271,8,17,52.4,150,Yes
271,9,22,256.9,150,No
271,10,8,54.8,150,Yes
271,11,4,250.6,150,No
271,12,21,78.2,150,Yes
271,13,24,175.9,150,No
271,14,19,78.8,150,Yes
271,15,16,157.0,150,No
271,16,15,157.0,150,No
271,17,8,52.4,150,Yes
271,18,21,53.0,150,Yes
271,19,14,78.8,150,Yes
271,20,26,113.3,150,Yes
271,21,18,53.0,150,Yes
271,22,18,205.4,150,No
271,23,26,150.3,150,No
271,24,13,175.9,150,No
271,25,19,114.8,150,Yes
271,26,20,113.3,150,Yes
271,27,15,163.6,150,No
272,0,2,263.2,150,No
272,1,5,177.9,150,No
272,2,0,263.2,150,No
272,3,26,181.0,150,No
272,4,24,166.9,150,No
272,5,1,177.9,150,No
272,6,5,240.4,150,No
272,7,22,249.3,150,No
272,8,14,102.9,150,Yes
272,9,23,253.3,150,No
272,10,19,77.5,150,Yes
272,11,5,250.5,150,No
272,12,18,52.8,150,Yes
272,13,12,55.5,150,Yes
272,14,21,76.1,150,Yes
272,15,17,148.9,150,Yes
272,16,21,55.0,150,Yes
272,17,15,148.9,150,Yes
272,18,12,52.8,150,Yes
272,19,10,77.5,150,Yes
272,20,25,59.2,150,Yes
272,21,16,55.0,150,Yes
272,22,25,150.6,150,No
272,23,16,201.2,150,No
272,24,29,59.8,150,Yes
272,25,20,59.2,150,Yes
272,26,3,181.0,150,No
272,27,15,166.8,150,No
272,28,25,59.5,150,Yes
272,29,24,59.8,150,Yes
272,30,17,205.8,150,No
273,0,1,260.2,150,No
273,1,0,260.2,150,No
273,2,4,240.6,150,No
273,3,4,170.1,150,No
273,4,3,170.1,150,No
273,5,24,166.6,150,No
273,6,21,251.4,150,No
273,7,14,101.6,150,Yes
273,8,15,248.1,150,No
273,9,13,155.2,150,No
273,10,18,52.4,150,Yes
273,11,10,54.8,150,Yes
273,12,4,248.5,150,No
273,13,9,155.2,150,No
273,14,22,74.0,150,Yes
273,15,28,153.1,150,No
273,16,22,55.0,150,Yes
273,17,19,76.2,150,Yes
273,18,10,52.4,150,Yes
273,19,17,76.2,150,Yes
273,20,0,451.7,150,No
273,21,16,200.2,150,No
273,22,16,55.0,150,Yes
273,23,13,164.9,150,No
273,24,29,59.8,150,Yes
273,25,27,13.0,150,Yes
273,26,28,64.0,150,Yes
273,27,25,13.0,150,Yes
273,28,27,41.2,150,Yes
273,29,24,59.8,150,Yes
274,0,1,256.0,150,No
274,1,0,256.0,150,No
274,2,8,129.9,150,Yes
274,3,27,31.0,150,Yes
274,4,8,261.4,150,No
274,5,23,243.6,150,No
274,6,25,163.6,150,No
274,7,0,456.3,150,No
274,8,2,129.9,150,Yes
274,9,20,97.7,150,Yes
274,10,17,52.6,150,Yes
274,11,14,155.2,150,No
274,12,10,54.8,150,Yes
274,13,8,229.4,150,No
274,14,11,155.2,150,No
274,15,20,74.1,150,Yes
274,16,20,56.1,150,Yes
274,17,10,52.6,150,Yes
274,18,14,162.7,150,No
274,19,21,72.7,150,Yes
274,20,16,56.1,150,Yes
274,21,19,72.7,150,Yes
274,22,26,161.6,150,No
274,23,16,195.8,150,No
274,24,26,54.0,150,Yes
274,25,28,60.5,150,Yes
274,26,24,54.0,150,Yes
274,27,3,31.0,150,Yes
274,28,25,60.5,150,Yes
274,29,26,63.3,150,Yes
275,0,2,253.2,150,No
275,1,0,459.2,150,No
275,2,0,253.2,150,No
275,3,23,240.4,150,No
275,4,11,274.6,150,No
275,5,17,239.3,150,No
275,6,11,113.0,150,Yes
275,7,11,220.8,150,No
275,8,16,52.6,150,Yes
275,9,22,96.8,150,Yes
275,10,27,160.5,150,No
275,11,6,113.0,150,Yes
275,12,14,152.1,150,No
275,13,8,54.8,150,Yes
275,14,12,152.1,150,No
275,15,22,72.2,150,Yes
275,16,8,52.6,150,Yes
275,17,19,192.3,150,No
275,18,14,166.4,150,No
275,19,22,57.0,150,Yes
275,20,25,50.0,150,Yes
275,21,24,74.0,150,Yes
275,22,19,57.0,150,Yes
275,23,25,165.6,150,No
275,24,21,74.0,150,Yes
275,25,20,50.0,150,Yes
275,26,25,72.1,150,Yes
275,27,29,60.5,150,Yes
275,28,12,210.6,150,No
275,29,27,60.5,150,Yes
276,0,2,254.0,150,No
276,1,26,284.4,150,No
276,2,0,254.0,150,No
276,3,24,242.0,150,No
276,4,27,159.4,150,No
276,5,2,461.4,150,No
276,6,21,237.3,150,No
276,7,26,210.9,150,No
276,8,18,94.8,150,Yes
276,9,17,52.9,150,Yes
276,10,28,65.1,150,Yes
276,11,18,71.3,150,Yes
276,12,15,150.2,150,No
276,13,9,56.1,150,Yes
276,14,25,48.0,150,Yes
276,15,12,150.2,150,No
276,16,18,56.1,150,Yes
276,17,9,52.9,150,Yes
276,18,16,56.1,150,Yes
276,19,22,71.2,150,Yes
276,20,12,165.7,150,No
276,21,16,190.2,150,No
276,22,19,71.2,150,Yes
276,23,25,72.7,150,Yes
276,24,25,170.8,150,No
276,25,14,48.0,150,Yes
276,26,28,55.3,150,Yes
276,27,29,60.3,150,Yes
276,28,26,55.3,150,Yes
276,29,27,60.3,150,Yes
277,0,1,252.0,150,No
277,1,0,252.0,150,No
277,2,25,241.4,150,No
277,3,28,157.4,150,No
277,4,21,295.4,150,No
277,5,22,236.3,150,No
277,6,21,224.7,150,No
277,7,16,94.4,150,Yes
277,8,17,51.5,150,Yes
277,9,8,57.4,150,Yes
277,10,14,149.2,150,Yes
277,11,0,465.1,150,No
277,12,26,45.0,150,Yes
277,13,16,71.4,150,Yes
277,14,10,149.2,150,Yes
277,15,10,171.7,150,No
277,16,18,55.1,150,Yes
277,17,8,51.5,150,Yes
277,18,16,55.1,150,Yes
277,19,23,72.1,150,Yes
277,20,21,71.3,150,Yes
277,21,20,71.3,150,Yes
277,22,18,186.5,150,No
277,23,19,72.1,150,Yes
277,24,26,78.5,150,Yes
277,25,26,173.3,150,No
277,26,12,45.0,150,Yes
277,27,14,213.0,150,No
277,28,29,60.2,150,Yes
277,29,28,60.2,150,Yes
278,0,1,249.2,150,No
278,1,0,249.2,150,No
278,2,23,295.2,150,No
278,3,26,241.7,150,No
278,4,24,155.3,150,No
278,5,16,90.5,150,Yes
278,6,23,222.5,150,No
278,7,21,233.9,150,No
278,8,20,52.4,150,Yes
278,9,12,148.0,150,Yes
278,10,16,71.8,150,Yes
278,11,8,57.0,150,Yes
278,12,9,148.0,150,Yes
278,13,29,43.0,150,Yes
278,14,16,58.1,150,Yes
278,15,9,168.6,150,No
278,16,14,58.1,150,Yes
278,17,19,69.3,150,Yes
278,18,0,467.5,150,No
278,19,17,69.3,150,Yes
278,20,8,52.4,150,Yes
278,21,14,181.2,150,No
278,22,29,81.1,150,Yes
278,23,28,71.7,150,Yes
278,24,27,60.1,150,Yes
278,25,12,213.8,150,No
278,26,29,176.8,150,No
278,27,24,60.1,150,Yes
278,28,23,71.7,150,Yes
278,29,13,43.0,150,Yes
279,0,1,244.6,150,No
279,1,0,244.6,150,No
279,2,23,291.5,150,No
279,3,22,248.4,150,No
279,4,17,234.5,150,No
279,5,27,151.8,150,No
279,6,14,85.6,150,Yes
279,7,10,146.8,150,Yes
279,8,21,52.4,150,Yes
279,9,23,226.2,150,No
279,10,7,146.8,150,Yes
279,11,8,56.5,150,Yes
279,12,14,61.2,150,Yes
279,13,14,69.2,150,Yes
279,14,12,61.2,150,Yes
279,15,7,168.9,150,No
279,16,18,69.1,150,Yes
279,17,12,173.5,150,No
279,18,16,69.1,150,Yes
279,19,0,477.1,150,No
279,20,24,119.9,150,Yes
279,21,8,52.4,150,Yes
279,22,25,117.1,150,Yes
279,23,9,226.2,150,No
279,24,25,90.4,150,Yes
279,25,24,90.4,150,Yes
279,26,10,216.8,150,No
279,27,28,62.0,150,Yes
279,28,27,62.0,150,Yes
280,0,1,242.6,150,No
280,1,0,242.6,150,No
280,2,27,301.5,150,No
280,3,24,254.1,150,No
280,4,29,156.2,150,No
280,5,14,83.3,150,Yes
280,6,16,234.8,150,No
280,7,18,146.5,150,Yes
280,8,20,51.1,150,Yes
280,9,15,68.5,150,Yes
280,10,8,55.5,150,Yes
280,11,27,197.7,150,No
280,12,14,69.9,150,Yes
280,13,14,59.2,150,Yes
280,14,13,59.2,150,Yes
280,15,9,68.5,150,Yes
280,16,13,174.8,150,No
280,17,26,65.0,150,Yes
280,18,7,146.5,150,Yes
280,19,7,169.8,150,No
280,20,8,51.1,150,Yes
280,21,26,58.1,150,Yes
280,22,27,118.9,150,Yes
280,23,21,89.6,150,Yes
280,24,23,119.1,150,Yes
280,25,18,220.2,150,No
280,26,21,58.1,150,Yes
280,27,22,118.9,150,Yes
280,28,0,480.9,150,No
280,29,4,156.2,150,No
281,0,1,238.7,150,No
281,1,0,238.7,150,No
281,2,21,306.8,150,No
281,3,26,258.9,150,No
281,4,28,156.2,150,No
281,5,18,234.5,150,No
281,6,16,79.2,150,Yes
281,7,13,147.4,150,Yes
281,8,22,52.9,150,Yes
281,9,8,55.0,150,Yes
281,10,16,58.1,150,Yes
281,11,16,70.6,150,Yes
281,12,15,184.6,150,No
281,13,7,147.4,150,Yes
281,14,17,68.4,150,Yes
281,15,21,111.1,150,Yes
281,16,10,58.1,150,Yes
281,17,14,68.4,150,Yes
281,18,10,176.1,150,No
281,19,27,62.4,150,Yes
281,20,7,168.6,150,No
281,21,15,111.1,150,Yes
281,22,8,52.9,150,Yes
281,23,27,62.2,150,Yes
281,24,0,486.2,150,No
281,25,23,91.5,150,Yes
281,26,25,119.0,150,Yes
281,27,23,62.2,150,Yes
281,28,4,156.2,150,No
282,0,2,235.7,150,No
282,1,23,302.8,150,No
282,2,0,235.7,150,No
282,3,14,234.1,150,No
282,4,29,152.1,150,No
282,5,25,252.8,150,No
282,6,13,147.4,150,Yes
282,7,18,69.3,150,Yes
282,8,19,75.6,150,Yes
282,9,19,57.1,150,Yes
282,10,16,187.0,150,No
282,11,22,52.0,150,Yes
282,12,11,55.0,150,Yes
282,13,6,147.4,150,Yes
282,14,9,176.0,150,No
282,15,19,69.9,150,Yes
282,16,23,99.0,150,Yes
282,17,26,66.7,150,Yes
282,18,7,69.3,150,Yes
282,19,9,57.1,150,Yes
282,20,6,168.6,150,No
282,21,26,57.2,150,Yes
282,22,11,52.0,150,Yes
282,23,16,99.0,150,Yes
282,24,21,76.7,150,Yes
282,25,24,135.0,150,Yes
282,26,21,57.2,150,Yes
282,27,0,492.7,150,No
282,28,29,65.0,150,Yes
282,29,28,65.0,150,Yes
283,0,2,227.0,150,No
283,1,18,297.5,150,No
283,2,0,227.0,150,No
283,3,24,249.9,150,No
283,4,28,156.2,150,No
283,5,16,236.5,150,No
283,6,8,191.3,150,No
283,7,15,148.1,150,Yes
283,8,18,80.6,150,Yes
283,9,23,51.5,150,Yes
283,10,20,72.9,150,Yes
283,11,20,57.0,150,Yes
283,12,9,57.3,150,Yes
283,13,17,69.8,150,Yes
283,14,20,71.3,150,Yes
283,15,7,148.1,150,Yes
283,16,29,174.2,150,No
283,17,13,69.8,150,Yes
283,18,8,80.6,150,Yes
283,19,7,168.2,150,No
283,20,11,57.0,150,Yes
283,21,25,72.0,150,Yes
283,22,27,68.9,150,Yes
283,23,9,51.5,150,Yes
283,24,21,141.0,150,Yes
283,25,27,56.3,150,Yes
283,26,9,499.8,150,No
283,27,25,56.3,150,Yes
283,28,4,156.2,150,No
283,29,11,97.0,150,Yes
284,0,3,277.7,150,No
284,1,4,212.8,150,No
284,2,17,161.0,150,No
284,3,6,71.6,150,Yes
284,4,1,212.8,150,No
284,5,18,267.9,150,No
284,6,3,71.6,150,Yes
284,7,25,234.2,150,No
284,8,22,146.7,150,Yes
284,9,23,52.4,150,Yes
284,10,21,66.9,150,Yes
284,11,9,59.1,150,Yes
284,12,21,57.1,150,Yes
284,13,21,72.9,150,Yes
284,14,6,186.1,150,No
284,15,19,77.9,150,Yes
284,16,8,168.6,150,No
284,17,20,69.8,150,Yes
284,18,15,141.0,150,Yes
284,19,27,56.3,150,Yes
284,20,17,69.8,150,Yes
284,21,12,57.1,150,Yes
284,22,8,146.7,150,Yes
284,23,9,52.4,150,Yes
284,24,27,72.9,150,Yes
284,25,12,176.7,150,No
284,26,9,503.6,150,No
284,27,19,56.3,150,Yes
285,0,5,271.2,150,No
285,1,4,208.5,150,No
285,2,5,70.4,150,Yes
285,3,16,160.4,150,No
285,4,1,208.5,150,No
285,5,2,70.4,150,Yes
285,6,15,267.6,150,No
285,7,26,230.4,150,No
285,8,22,147.5,150,Yes
285,9,23,52.0,150,Yes
285,10,9,60.0,150,Yes
285,11,17,62.4,150,Yes
285,12,2,184.8,150,No
285,13,17,55.0,150,Yes
285,14,17,76.0,150,Yes
285,15,18,143.0,150,Yes
285,16,21,68.1,150,Yes
285,17,13,55.0,150,Yes
285,18,20,77.1,150,Yes
285,19,8,169.2,150,No
285,20,25,58.2,150,Yes
285,21,16,68.1,150,Yes
285,22,8,147.5,150,Yes
285,23,9,52.0,150,Yes
285,24,25,73.4,150,Yes
285,25,20,58.2,150,Yes
285,26,13,175.8,150,No
285,27,9,505.5,150,No
285,28,19,322.0,150,No
286,0,7,266.7,150,No
286,1,3,204.8,150,No
286,2,17,158.4,150,No
286,3,1,204.8,150,No
286,4,5,190.2,150,No
286,5,7,73.2,150,Yes
286,6,14,269.5,150,No
286,7,5,73.2,150,Yes
286,8,26,230.0,150,No
286,9,24,52.2,150,Yes
286,10,13,150.5,150,No
286,11,9,59.6,150,Yes
286,12,20,60.6,150,Yes
286,13,10,150.5,150,No
286,14,19,145.0,150,Yes
286,15,20,54.0,150,Yes
286,16,17,67.2,150,Yes
286,17,16,67.2,150,Yes
286,18,20,77.1,150,Yes
286,19,22,76.9,150,Yes
286,20,15,54.0,150,Yes
286,21,10,169.8,150,No
286,22,25,58.0,150,Yes
286,23,25,74.8,150,Yes
286,24,9,52.2,150,Yes
286,25,22,58.0,150,Yes
286,26,15,175.0,150,No
286,27,21,323.0,150,No
287,0,2,202.6,150,No
287,1,3,265.0,150,No
287,2,0,202.6,150,No
287,3,9,78.0,150,Yes
287,4,9,192.5,150,No
287,5,17,158.0,150,No
287,6,13,269.5,150,No
287,7,24,54.1,150,Yes
287,8,7,60.0,150,Yes
287,9,3,78.0,150,Yes
287,10,12,150.4,150,No
287,11,26,228.1,150,No
287,12,10,150.4,150,No
287,13,20,146.1,150,Yes
287,14,19,54.0,150,Yes
287,15,19,59.7,150,Yes
287,16,17,64.7,150,Yes
287,17,16,64.7,150,Yes
287,18,19,78.8,150,Yes
287,19,14,54.0,150,Yes
287,20,21,79.4,150,Yes
287,21,25,56.0,150,Yes
287,22,10,172.0,150,No
287,23,25,77.4,150,Yes
287,24,7,54.1,150,Yes
287,25,21,56.0,150,Yes
287,26,14,174.8,150,No
288,0,3,201.9,150,No
288,1,2,264.1,150,No
288,2,5,79.4,150,Yes
288,3,0,201.9,150,No
288,4,5,197.0,150,No
288,5,2,79.4,150,Yes
288,6,17,156.8,150,No
288,7,12,267.6,150,No
288,8,26,222.3,150,No
288,9,24,55.0,150,Yes
288,10,9,60.4,150,Yes
288,11,13,150.4,150,No
288,12,19,151.1,150,No
288,13,11,150.4,150,No
288,14,17,63.3,150,Yes
288,15,21,56.0,150,Yes
288,16,21,56.1,150,Yes
288,17,14,63.3,150,Yes
288,18,25,57.0,150,Yes
288,19,18,76.6,150,Yes
288,20,21,78.6,150,Yes
288,21,15,56.0,150,Yes
288,22,11,174.9,150,No
288,23,25,78.4,150,Yes
288,24,9,55.0,150,Yes
288,25,18,57.0,150,Yes
288,26,15,172.2,150,No
289,0,1,201.3,150,No
289,1,0,201.3,150,No
289,2,4,88.6,150,Yes
289,3,29,166.2,150,No
289,4,2,88.6,150,Yes
289,5,17,264.2,150,No
289,6,27,217.9,150,No
289,7,30,138.2,150,Yes
289,8,23,49.8,150,Yes
289,9,13,150.3,150,No
289,10,4,206.4,150,No
289,11,8,57.3,150,Yes
289,12,20,54.2,150,Yes
289,13,9,150.3,150,No
289,14,16,63.0,150,Yes
289,15,20,52.3,150,Yes
289,16,14,63.0,150,Yes
289,17,19,157.2,150,No
289,18,20,81.6,150,Yes
289,19,26,81.0,150,Yes
289,20,15,52.3,150,Yes
289,21,24,306.1,150,No
289,22,25,80.6,150,Yes
289,23,8,49.8,150,Yes
289,24,9,181.5,150,No
289,25,26,56.0,150,Yes
289,26,25,56.0,150,Yes
289,27,28,153.4,150,No
289,28,12,117.3,150,Yes
289,29,3,166.2,150,No
289,30,7,138.2,150,Yes
290,0,1,201.5,150,No
290,1,0,201.5,150,No
290,2,3,260.0,150,No
290,3,5,97.5,150,Yes
290,4,19,264.6,150,No
290,5,3,97.5,150,Yes
290,6,29,135.7,150,Yes
290,7,25,215.2,150,No
290,8,5,201.7,150,No
290,9,13,150.3,150,No
290,10,15,52.3,150,Yes
290,11,23,48.5,150,Yes
290,12,15,53.2,150,Yes
290,13,9,150.3,150,No
290,14,11,59.6,150,Yes
290,15,10,52.3,150,Yes
290,16,24,63.0,150,Yes
290,17,15,82.3,150,Yes
290,18,27,80.6,150,Yes
290,19,21,160.1,150,No
290,20,22,306.2,150,No
290,21,26,79.3,150,Yes
290,22,9,183.4,150,No
290,23,11,48.5,150,Yes
290,24,16,63.0,150,Yes
290,25,28,149.3,150,Yes
290,26,27,55.1,150,Yes
290,27,26,55.1,150,Yes
290,28,12,116.3,150,Yes
290,29,6,135.7,150,Yes
291,0,1,201.3,150,No
291,1,0,201.3,150,No
291,2,5,107.3,150,Yes
291,3,26,167.5,150,No
291,4,28,264.4,150,No
291,5,2,107.3,150,Yes
291,6,29,133.1,150,Yes
291,7,22,216.0,150,No
291,8,5,199.4,150,No
291,9,13,150.3,150,No
291,10,23,49.0,150,Yes
291,11,17,52.5,150,Yes
291,12,17,54.1,150,Yes
291,13,9,150.3,150,No
291,14,17,83.0,150,Yes
291,15,10,56.9,150,Yes
291,16,18,61.0,150,Yes
291,17,11,52.5,150,Yes
291,18,16,61.0,150,Yes
291,19,27,83.2,150,Yes
291,20,25,306.2,150,No
291,21,24,81.5,150,Yes
291,22,12,162.5,150,No
291,23,10,49.0,150,Yes
291,24,27,53.2,150,Yes
291,25,9,185.7,150,No
291,26,3,167.5,150,No
291,27,24,53.2,150,Yes
291,28,21,161.1,150,No
291,29,6,133.1,150,Yes
292,0,2,200.3,150,No
292,1,6,114.6,150,Yes
292,2,0,200.3,150,No
292,3,20,166.9,150,No
292,4,25,259.0,150,No
292,5,28,131.9,150,Yes
292,6,1,114.6,150,Yes
292,7,22,216.5,150,No
292,8,11,149.8,150,Yes
292,9,6,198.0,150,No
292,10,24,49.4,150,Yes
292,11,8,149.8,150,Yes
292,12,16,55.2,150,Yes
292,13,16,52.6,150,Yes
292,14,10,58.2,150,Yes
292,15,16,84.3,150,Yes
292,16,13,52.6,150,Yes
292,17,26,131.6,150,Yes
292,18,23,61.9,150,Yes
292,19,27,305.3,150,No
292,20,3,166.9,150,No
292,21,26,82.1,150,Yes
292,22,12,157.9,150,No
292,23,18,61.9,150,Yes
292,24,10,49.4,150,Yes
292,25,21,168.2,150,No
292,26,21,82.1,150,Yes
292,27,8,187.6,150,No
292,28,5,131.9,150,Yes
293,0,1,198.9,150,No
293,1,0,198.9,150,No
293,2,16,168.6,150,No
293,3,7,120.3,150,Yes
293,4,28,273.4,150,No
293,5,29,131.9,150,Yes
293,6,21,218.1,150,No
293,7,3,120.3,150,Yes
293,8,12,149.4,150,Yes
293,9,22,49.8,150,Yes
293,10,7,197.6,150,No
293,11,18,56.3,150,Yes
293,12,8,149.4,150,Yes
293,13,27,79.6,150,Yes
293,14,18,51.0,150,Yes
293,15,9,58.6,150,Yes
293,16,2,168.6,150,No
293,17,18,86.4,150,Yes
293,18,14,51.0,150,Yes
293,19,25,306.3,150,No
293,20,26,63.0,150,Yes
293,21,11,154.6,150,No
293,22,9,49.8,150,Yes
293,23,24,82.5,150,Yes
293,24,27,56.0,150,Yes
293,25,8,188.9,150,No
293,26,20,63.0,150,Yes
293,27,24,56.0,150,Yes
293,28,23,158.2,150,No
293,29,5,131.9,150,Yes
294,0,2,196.2,150,No
294,1,11,137.3,150,Yes
294,2,0,196.2,150,No
294,3,26,271.2,150,No
294,4,10,168.5,150,No
294,5,23,217.5,150,No
294,6,11,199.9,150,No
294,7,19,139.2,150,Yes
294,8,28,306.3,150,No
294,9,16,148.0,150,Yes
294,10,4,168.5,150,No
294,11,1,137.3,150,Yes
294,12,20,49.8,150,Yes
294,13,18,56.1,150,Yes
294,14,18,48.8,150,Yes
294,15,12,58.6,150,Yes
294,16,9,148.0,150,Yes
294,17,27,33.2,150,Yes
294,18,14,48.8,150,Yes
294,19,25,63.9,150,Yes
294,20,12,49.8,150,Yes
294,21,24,79.7,150,Yes
294,22,14,89.5,150,Yes
294,23,13,154.8,150,No
294,24,21,79.7,150,Yes
294,25,19,63.9,150,Yes
294,26,21,180.4,150,No
294,27,17,33.2,150,Yes
294,28,9,192.2,150,No
295,0,1,194.3,150,No
295,1,0,194.3,150,No
295,2,3,146.6,150,Yes
295,3,2,146.6,150,Yes
295,4,27,278.8,150,No
295,5,9,169.9,150,No
295,6,3,202.0,150,No
295,7,23,217.5,150,No
295,8,19,143.2,150,Yes
295,9,5,169.9,150,No
295,10,14,148.0,150,Yes
295,11,21,49.8,150,Yes
295,12,26,307.3,150,No
295,13,17,56.0,150,Yes
295,14,10,148.0,150,Yes
295,15,17,49.8,150,Yes
295,16,11,58.1,150,Yes
295,17,15,49.8,150,Yes
295,18,28,39.1,150,Yes
295,19,24,64.4,150,Yes
295,20,25,76.1,150,Yes
295,21,11,49.8,150,Yes
295,22,15,91.0,150,Yes
295,23,13,156.6,150,No
295,24,19,64.4,150,Yes
295,25,20,76.1,150,Yes
295,26,10,191.9,150,No
295,27,20,182.5,150,No
295,28,18,39.1,150,Yes
296,0,2,192.7,150,No
296,1,3,154.2,150,No
296,2,0,192.7,150,No
296,3,1,154.2,150,No
296,4,8,171.8,150,No
296,5,29,132.3,150,Yes
296,6,3,204.5,150,No
296,7,21,216.5,150,No
296,8,4,171.8,150,No
296,9,18,149.4,150,Yes
296,10,15,364.6,150,No
296,11,27,260.5,150,No
296,12,17,55.0,150,Yes
296,13,17,50.0,150,Yes
296,14,23,48.8,150,Yes
296,15,14,59.5,150,Yes
296,16,22,65.1,150,Yes
296,17,13,50.0,150,Yes
296,18,9,149.4,150,Yes
296,19,13,91.8,150,Yes
296,20,25,77.1,150,Yes
296,21,28,141.0,150,Yes
296,22,16,65.1,150,Yes
296,23,14,48.8,150,Yes
296,24,26,45.2,150,Yes
296,25,20,77.1,150,Yes
296,26,24,45.2,150,Yes
296,27,20,187.7,150,No
296,28,12,99.0,150,Yes
296,29,5,132.3,150,Yes
297,0,1,190.0,150,No
297,1,0,190.0,150,No
297,2,4,161.8,150,No
297,3,10,175.3,150,No
297,4,2,161.8,150,No
297,5,33,277.0,150,No
297,6,29,309.2,150,No
297,7,31,129.8,150,Yes
297,8,4,210.0,150,No
297,9,21,217.4,150,No
297,10,3,175.3,150,No
297,11,19,150.0,150,Yes
297,12,16,55.0,150,Yes
297,13,23,49.2,150,Yes
297,14,16,48.8,150,Yes
297,15,13,59.1,150,Yes
297,16,14,48.8,150,Yes
297,17,18,65.1,150,Yes
297,18,17,65.1,150,Yes
297,19,11,150.0,150,Yes
297,20,14,89.8,150,Yes
297,21,28,140.1,150,Yes
297,22,30,16.0,150,Yes
297,23,13,49.2,150,Yes
297,24,27,61.7,150,Yes
297,25,32,57.1,150,Yes
297,26,30,34.2,150,Yes
297,27,24,61.7,150,Yes
297,28,12,101.0,150,Yes
297,29,11,192.6,150,No
297,30,22,16.0,150,Yes
297,31,7,129.8,150,Yes
297,32,26,50.6,150,Yes
297,33,27,135.0,150,Yes
298,0,1,190.1,150,No
298,1,0,190.1,150,No
298,2,4,168.6,150,No
298,3,9,174.9,150,No
298,4,2,168.6,150,No
298,5,3,375.1,150,No
298,6,29,308.2,150,No
298,7,31,130.0,150,Yes
298,8,18,217.4,150,No
298,9,3,174.9,150,No
298,10,24,148.0,150,Yes
298,11,16,56.0,150,Yes
298,12,17,63.6,150,Yes
298,13,14,59.1,150,Yes
298,14,33,38.2,150,Yes
298,15,16,47.5,150,Yes
298,16,15,47.5,150,Yes
298,17,12,63.6,150,Yes
298,18,23,138.0,150,Yes
298,19,28,65.3,150,Yes
298,20,4,214.4,150,No
298,21,15,92.8,150,Yes
298,22,32,52.2,150,Yes
298,23,21,102.1,150,Yes
298,24,10,148.0,150,Yes
298,25,30,60.2,150,Yes
298,26,27,12.2,150,Yes
298,27,26,12.2,150,Yes
298,28,19,65.3,150,Yes
298,29,10,193.6,150,No
298,30,32,50.8,150,Yes
298,31,7,130.0,150,Yes
298,32,30,50.8,150,Yes
298,33,27,18.4,150,Yes
299,0,5,194.5,150,No
299,1,2,189.0,150,No
299,2,1,189.0,150,No
299,3,6,188.0,150,No
299,4,17,132.6,150,Yes
299,5,0,194.5,150,No
299,6,3,188.0,150,No
299,7,23,305.2,150,No
299,8,21,215.6,150,No
299,9,18,145.6,150,Yes
299,10,5,228.6,150,No
299,11,32,278.8,150,No
299,12,14,56.0,150,Yes
299,13,15,60.4,150,Yes
299,14,16,46.3,150,Yes
299,15,28,40.3,150,Yes
299,16,14,46.3,150,Yes
299,17,19,61.5,150,Yes
299,18,9,145.6,150,Yes
299,19,17,61.5,150,Yes
299,20,16,89.4,150,Yes
299,21,22,137.1,150,Yes
299,22,20,98.5,150,Yes
299,23,9,194.5,150,No
299,24,31,62.8,150,Yes
299,25,33,44.1,150,Yes
299,26,30,20.4,150,Yes
299,27,33,61.1,150,Yes
299,28,30,9.9,150,Yes
299,29,27,61.2,150,Yes
299,30,28,9.9,150,Yes
299,31,24,62.8,150,Yes
299,32,31,143.6,150,Yes
299,33,25,44.1,150,Yes
300,0,5,203.4,150,No
300,1,2,188.2,150,No
300,2,1,188.2,150,No
300,3,5,193.4,150,No
300,4,31,280.5,150,No
300,5,3,193.4,150,No
300,6,0,207.9,150,No
300,7,14,128.4,150,Yes
300,8,23,214.7,150,No
300,9,22,299.2,150,No
300,10,15,145.1,150,Yes
300,11,16,57.0,150,Yes
300,12,6,236.2,150,No
300,13,17,60.4,150,Yes
300,14,21,62.9,150,Yes
300,15,10,145.1,150,Yes
300,16,18,46.1,150,Yes
300,17,28,37.5,150,Yes
300,18,16,46.1,150,Yes
300,19,32,49.3,150,Yes
300,20,18,90.1,150,Yes
300,21,14,62.9,150,Yes
300,22,10,196.2,150,No
300,23,27,138.2,150,Yes
300,24,32,56.0,150,Yes
300,25,28,30.4,150,Yes
300,26,30,60.2,150,Yes
300,27,20,93.6,150,Yes
300,28,25,30.4,150,Yes
300,29,24,62.1,150,Yes
300,30,26,60.2,150,Yes
300,31,30,146.8,150,Yes
300,32,19,49.3,150,Yes
301,0,1,187.4,150,No
301,1,0,187.4,150,No
301,2,3,201.8,150,No
301,3,5,193.7,150,No
301,4,32,280.3,150,No
301,5,3,193.7,150,No
301,6,25,212.9,150,No
301,7,2,215.7,150,No
301,8,17,127.5,150,Yes
301,9,21,298.2,150,No
301,10,18,146.2,150,Yes
301,11,15,58.0,150,Yes
301,12,14,59.9,150,Yes
301,13,7,240.3,150,No
301,14,30,40.0,150,Yes
301,15,16,46.1,150,Yes
301,16,15,46.1,150,Yes
301,17,33,61.6,150,Yes
301,18,10,146.2,150,Yes
301,19,16,90.9,150,Yes
301,20,31,48.7,150,Yes
301,21,10,199.1,150,No
301,22,23,59.2,150,Yes
301,23,22,59.2,150,Yes
301,24,31,56.3,150,Yes
301,25,29,133.3,150,Yes
301,26,30,10.0,150,Yes
301,27,30,23.3,150,Yes
301,28,24,62.0,150,Yes
301,29,19,95.4,150,Yes
301,30,26,10.0,150,Yes
301,31,20,48.7,150,Yes
301,32,22,147.9,150,Yes
301,33,17,61.6,150,Yes
302,0,1,201.1,150,No
302,1,9,196.1,150,No
302,2,3,187.4,150,No
302,3,2,187.4,150,No
302,4,31,281.0,150,No
302,5,14,126.6,150,Yes
302,6,25,210.3,150,No
302,7,0,220.6,150,No
302,8,29,302.2,150,No
302,9,1,196.1,150,No
302,10,15,146.0,150,Yes
302,11,18,60.0,150,Yes
302,12,28,36.1,150,Yes
302,13,12,59.5,150,Yes
302,14,30,60.9,150,Yes
302,15,10,146.0,150,Yes
302,16,7,243.0,150,No
302,17,18,46.1,150,Yes
302,18,17,46.1,150,Yes
302,19,24,46.5,150,Yes
302,20,17,92.9,150,Yes
302,21,23,65.3,150,Yes
302,22,24,55.5,150,Yes
302,23,21,65.3,150,Yes
302,24,19,46.5,150,Yes
302,25,11,154.3,150,No
302,26,28,32.3,150,Yes
302,27,22,65.0,150,Yes
302,28,26,32.3,150,Yes
302,29,15,198.3,150,No
302,30,14,60.9,150,Yes
302,31,23,144.9,150,Yes
303,0,5,199.2,150,No
303,1,3,185.6,150,No
303,2,7,344.6,150,No
303,3,1,185.6,150,No
303,4,0,224.2,150,No
303,5,7,197.8,150,No
303,6,26,304.3,150,No
303,7,5,197.8,150,No
303,8,14,127.0,150,Yes
303,9,25,210.1,150,No
303,10,17,62.0,150,Yes
303,11,18,144.2,150,Yes
303,12,16,61.3,150,Yes
303,13,28,44.7,150,Yes
303,14,31,60.2,150,Yes
303,15,17,44.0,150,Yes
303,16,29,34.8,150,Yes
303,17,15,44.0,150,Yes
303,18,11,144.2,150,Yes
303,19,4,246.7,150,No
303,20,30,86.8,150,Yes
303,21,27,70.0,150,Yes
303,22,21,72.5,150,Yes
303,23,28,53.8,150,Yes
303,24,29,38.3,150,Yes
303,25,30,133.6,150,Yes
303,26,18,196.1,150,No
303,27,23,67.0,150,Yes
303,28,13,44.7,150,Yes
303,29,16,34.8,150,Yes
303,30,20,86.8,150,Yes
303,31,14,60.2,150,Yes
304,0,9,192.7,150,No
304,1,5,184.1,150,No
304,2,9,199.2,150,No
304,3,0,239.0,150,No
304,4,24,312.4,150,No
304,5,1,184.1,150,No
304,6,14,125.8,150,Yes
304,7,23,205.5,150,No
304,8,16,62.0,150,Yes
304,9,0,192.7,150,No
304,10,2,341.7,150,No
304,11,21,147.6,150,Yes
304,12,29,40.8,150,Yes
304,13,15,58.2,150,Yes
304,14,30,59.8,150,Yes
304,15,28,25.1,150,Yes
304,16,18,42.1,150,Yes
304,17,20,77.6,150,Yes
304,18,16,42.1,150,Yes
304,19,3,251.4,150,No
304,20,25,67.1,150,Yes
304,21,11,147.6,150,Yes
304,22,18,89.7,150,Yes
304,23,8,147.6,150,Yes
304,24,21,199.1,150,No
304,25,26,64.1,150,Yes
304,26,29,59.4,150,Yes
304,27,28,39.0,150,Yes
304,28,15,25.1,150,Yes
304,29,12,40.8,150,Yes
304,30,14,59.8,150,Yes
305,0,3,182.7,150,No
305,1,8,188.3,150,No
305,2,8,200.9,150,No
305,3,0,182.7,150,No
305,4,1,249.0,150,No
305,5,16,126.2,150,Yes
305,6,22,313.5,150,No
305,7,12,61.0,150,Yes
305,8,1,188.3,150,No
305,9,21,205.3,150,No
305,10,19,152.8,150,No
305,11,28,33.4,150,Yes
305,12,18,43.6,150,Yes
305,13,11,59.0,150,Yes
305,14,27,40.6,150,Yes
305,15,2,340.6,150,No
305,16,5,126.2,150,Yes
305,17,20,76.4,150,Yes
305,18,12,43.6,150,Yes
305,19,10,152.8,150,No
305,20,26,66.6,150,Yes
305,21,7,147.8,150,Yes
305,22,19,201.6,150,No
305,23,18,86.5,150,Yes
305,24,30,13.0,150,Yes
305,25,26,61.2,150,Yes
305,26,25,61.2,150,Yes
305,27,14,40.6,150,Yes
305,28,30,20.9,150,Yes
305,29,1,245.0,150,No
305,30,24,13.0,150,Yes
306,0,6,187.8,150,No
306,1,3,183.0,150,No
306,2,6,200.9,150,No
306,3,1,183.0,150,No
306,4,0,254.7,150,No
306,5,17,126.7,150,Yes
306,6,0,187.8,150,No
306,7,18,313.5,150,No
306,8,11,60.0,150,Yes
306,9,22,207.5,150,No
306,10,19,149.6,150,Yes
306,11,21,43.6,150,Yes
306,12,29,33.3,150,Yes
306,13,2,338.9,150,No
306,14,12,59.0,150,Yes
306,15,20,73.4,150,Yes
306,16,23,38.2,150,Yes
306,17,5,126.7,150,Yes
306,18,19,198.0,150,No
306,19,10,149.6,150,Yes
306,20,27,64.4,150,Yes
306,21,11,43.6,150,Yes
306,22,30,125.7,150,Yes
306,23,16,38.2,150,Yes
306,24,28,13.0,150,Yes
306,25,27,64.1,150,Yes
306,26,30,77.5,150,Yes
306,27,25,64.1,150,Yes
306,28,24,13.0,150,Yes
306,29,28,21.2,150,Yes
306,30,26,77.5,150,Yes
307,0,7,186.3,150,No
307,1,3,182.0,150,No
307,2,1,256.5,150,No
307,3,1,182.0,150,No
307,4,7,202.2,150,No
307,5,17,125.4,150,Yes
307,6,18,316.6,150,No
307,7,0,186.3,150,No
307,8,12,59.0,150,Yes
307,9,23,206.4,150,No
307,10,20,69.9,150,Yes
307,11,21,147.3,150,Yes
307,12,19,46.5,150,Yes
307,13,29,31.2,150,Yes
307,14,13,59.0,150,Yes
307,15,4,337.0,150,No
307,16,27,37.3,150,Yes
307,17,5,125.4,150,Yes
307,18,21,195.6,150,No
307,19,12,46.5,150,Yes
307,20,28,67.1,150,Yes
307,21,11,147.3,150,Yes
307,22,29,35.5,150,Yes
307,23,30,123.8,150,Yes
307,24,30,77.2,150,Yes
307,25,28,64.0,150,Yes
307,26,0,242.3,150,No
307,27,16,37.3,150,Yes
307,28,25,64.0,150,Yes
307,29,13,31.2,150,Yes
307,30,24,77.2,150,Yes
308,0,7,184.1,150,No
308,1,3,182.2,150,No
308,2,13,317.5,150,No
308,3,1,182.2,150,No
308,4,1,249.9,150,No
308,5,7,203.5,150,No
308,6,18,125.0,150,Yes
308,7,0,184.1,150,No
308,8,11,58.0,150,Yes
308,9,21,151.8,150,No
308,10,22,208.7,150,No
308,11,19,46.8,150,Yes
308,12,5,331.2,150,No
308,13,21,198.6,150,No
308,14,20,68.3,150,Yes
308,15,27,30.5,150,Yes
308,16,24,37.2,150,Yes
308,17,15,59.0,150,Yes
308,18,6,125.0,150,Yes
308,19,11,46.8,150,Yes
308,20,28,67.5,150,Yes
308,21,9,151.8,150,No
308,22,30,119.2,150,Yes
308,23,27,37.5,150,Yes
308,24,16,37.2,150,Yes
308,25,30,77.1,150,Yes
308,26,28,66.0,150,Yes
308,27,15,30.5,150,Yes
308,28,26,66.0,150,Yes
308,29,0,244.5,150,No
308,30,25,77.1,150,Yes
309,0,15,321.7,150,No
309,1,5,187.4,150,No
309,2,6,179.1,150,No
309,3,6,207.5,150,No
309,4,3,323.8,150,No
309,5,1,187.4,150,No
309,6,2,179.1,150,No
309,7,1,230.0,150,No
309,8,13,151.0,150,No
309,9,25,208.7,150,No
309,10,12,58.0,150,Yes
309,11,30,112.5,150,Yes
309,12,18,50.2,150,Yes
309,13,8,151.0,150,No
309,14,22,67.1,150,Yes
309,15,13,197.8,150,No
309,16,28,30.8,150,Yes
309,17,16,59.5,150,Yes
309,18,12,50.2,150,Yes
309,19,11,123.9,150,Yes
309,20,23,33.2,150,Yes
309,21,24,68.0,150,Yes
309,22,14,67.1,150,Yes
309,23,20,33.2,150,Yes
309,24,21,68.0,150,Yes
309,25,29,121.3,150,Yes
309,26,28,33.5,150,Yes
309,27,29,72.7,150,Yes
309,28,16,30.8,150,Yes
309,29,27,72.7,150,Yes
309,30,11,112.5,150,Yes
310,0,11,322.7,150,No
310,1,5,191.1,150,No
310,2,6,176.3,150,No
310,3,1,221.4,150,No
310,4,6,214.7,150,No
310,5,1,191.1,150,No
310,6,2,176.3,150,No
310,7,12,149.5,150,Yes
310,8,28,209.5,150,No
310,9,13,59.0,150,Yes
310,10,30,110.8,150,Yes
310,11,12,196.7,150,No
310,12,7,149.5,150,Yes
310,13,17,51.6,150,Yes
310,14,29,31.1,150,Yes
310,15,20,66.1,150,Yes
310,16,14,58.2,150,Yes
310,17,13,51.6,150,Yes
310,18,10,122.2,150,Yes
310,19,26,40.3,150,Yes
310,20,15,66.1,150,Yes
310,21,26,67.4,150,Yes
310,22,29,29.4,150,Yes
310,23,4,316.2,150,No
310,24,27,73.2,150,Yes
310,25,21,69.1,150,Yes
310,26,19,40.3,150,Yes
310,27,24,73.2,150,Yes
310,28,27,120.7,150,Yes
310,29,22,29.4,150,Yes
310,30,31,63.1,150,Yes
310,31,30,63.1,150,Yes
311,0,5,193.2,150,No
311,1,0,215.7,150,No
311,2,13,323.7,150,No
311,3,6,220.1,150,No
311,4,6,176.7,150,No
311,5,0,193.2,150,No
311,6,4,176.7,150,No
311,7,11,150.1,150,No
311,8,30,109.6,150,Yes
311,9,14,58.0,150,Yes
311,10,26,210.6,150,No
311,11,7,150.1,150,No
311,12,19,64.8,150,Yes
311,13,11,196.1,150,No
311,14,20,51.9,150,Yes
311,15,29,32.8,150,Yes
311,16,15,59.1,150,Yes
311,17,3,312.5,150,No
311,18,8,121.8,150,Yes
311,19,12,64.8,150,Yes
311,20,14,51.9,150,Yes
311,21,27,38.5,150,Yes
311,22,23,69.2,150,Yes
311,23,22,69.2,150,Yes
311,24,28,71.1,150,Yes
311,25,29,23.5,150,Yes
311,26,28,122.4,150,Yes
311,27,21,38.5,150,Yes
311,28,24,71.1,150,Yes
311,29,25,23.5,150,Yes
311,30,8,109.6,150,Yes
312,0,15,321.8,150,No
312,1,6,195.5,150,No
312,2,5,175.1,150,No
312,3,5,224.6,150,No
312,4,1,205.9,150,No
312,5,2,175.1,150,No
312,6,1,195.5,150,No
312,7,3,312.3,150,No
312,8,11,151.3,150,No
312,9,13,58.0,150,Yes
312,10,31,107.1,150,Yes
312,11,8,151.3,150,No
312,12,28,209.8,150,No
312,13,21,52.8,150,Yes
312,14,29,35.8,150,Yes
312,15,11,196.1,150,No
312,16,19,64.5,150,Yes
312,17,14,58.2,150,Yes
312,18,22,43.4,150,Yes
312,19,16,64.5,150,Yes
312,20,30,59.9,150,Yes
312,21,13,52.8,150,Yes
312,22,18,43.4,150,Yes
312,23,24,65.4,150,Yes
312,24,23,65.4,150,Yes
312,25,26,72.0,150,Yes
312,26,25,72.0,150,Yes
312,27,29,19.9,150,Yes
312,28,25,120.4,150,Yes
312,29,27,19.9,150,Yes
312,30,20,59.9,150,Yes
312,31,10,107.1,150,Yes
313,0,14,318.8,150,No
313,1,6,195.8,150,No
313,2,5,174.0,150,No
313,3,5,230.0,150,No
313,4,1,198.5,150,No
313,5,2,174.0,150,No
313,6,1,195.8,150,No
313,7,10,58.0,150,Yes
313,8,32,103.7,150,Yes
313,9,30,285.6,150,No
313,10,21,53.4,150,Yes
313,11,15,151.9,150,No
313,12,28,207.9,150,No
313,13,29,34.7,150,Yes
313,14,15,195.1,150,No
313,15,11,151.9,150,No
313,16,19,65.5,150,Yes
313,17,22,44.9,150,Yes
313,18,13,58.6,150,Yes
313,19,16,65.5,150,Yes
313,20,8,118.6,150,Yes
313,21,10,53.4,150,Yes
313,22,17,44.9,150,Yes
313,23,27,71.3,150,Yes
313,24,29,22.8,150,Yes
313,25,26,63.4,150,Yes
313,26,25,63.4,150,Yes
313,27,31,43.4,150,Yes
313,28,31,92.3,150,Yes
313,29,24,22.8,150,Yes
313,30,16,201.1,150,No
313,31,27,43.4,150,Yes
313,32,8,103.7,150,Yes
314,0,7,182.6,150,No
314,1,17,313.8,150,No
314,2,0,202.4,150,No
314,3,5,231.3,150,No
314,4,5,172.8,150,No
314,5,4,172.8,150,No
314,6,10,55.0,150,Yes
314,7,0,182.6,150,No
314,8,29,204.0,150,No
314,9,15,154.3,150,No
314,10,19,55.0,150,Yes
314,11,30,98.0,150,Yes
314,12,27,33.0,150,Yes
314,13,26,47.3,150,Yes
314,14,3,303.9,150,No
314,15,9,154.3,150,No
314,16,12,59.5,150,Yes
314,17,9,194.0,150,No
314,18,22,65.5,150,Yes
314,19,10,55.0,150,Yes
314,20,11,115.9,150,Yes
314,21,26,66.6,150,Yes
314,22,18,65.5,150,Yes
314,23,21,70.3,150,Yes
314,24,27,26.7,150,Yes
314,25,28,73.4,150,Yes
314,26,13,47.3,150,Yes
314,27,24,26.7,150,Yes
314,28,25,73.4,150,Yes
314,29,28,119.1,150,Yes
314,30,11,98.0,150,Yes
315,0,10,176.6,150,No
315,1,0,204.5,150,No
315,2,19,312.2,150,No
315,3,5,171.7,150,No
315,4,5,232.6,150,No
315,5,3,171.7,150,No
315,6,4,303.3,150,No
315,7,12,53.0,150,Yes
315,8,15,157.1,150,No
315,9,28,203.0,150,No
315,10,0,176.6,150,No
315,11,30,98.4,150,Yes
315,12,7,53.0,150,Yes
315,13,27,33.3,150,Yes
315,14,22,45.6,150,Yes
315,15,8,157.1,150,No
315,16,13,59.1,150,Yes
315,17,23,64.3,150,Yes
315,18,11,112.5,150,Yes
315,19,8,193.4,150,No
315,20,12,57.0,150,Yes
315,21,25,63.2,150,Yes
315,22,14,45.6,150,Yes
315,23,17,64.3,150,Yes
315,24,27,27.7,150,Yes
315,25,21,63.2,150,Yes
315,26,29,70.5,150,Yes
315,27,24,27.7,150,Yes
315,28,31,86.3,150,Yes
315,29,31,43.9,150,Yes
315,30,11,98.4,150,Yes
315,31,29,43.9,150,Yes
316,0,10,174.6,150,No
316,1,0,205.0,150,No
316,2,17,311.0,150,No
316,3,5,171.0,150,No
316,4,5,232.6,150,No
316,5,3,171.0,150,No
316,6,29,203.0,150,No
316,7,13,53.0,150,Yes
316,8,4,303.3,150,No
316,9,15,157.7,150,No
316,10,0,174.6,150,No
316,11,31,96.8,150,Yes
316,12,28,35.8,150,Yes
316,13,7,53.0,150,Yes
316,14,22,44.9,150,Yes
316,15,9,157.7,150,No
316,16,12,58.2,150,Yes
316,17,9,194.2,150,No
316,18,24,62.4,150,Yes
316,19,11,113.0,150,Yes
316,20,23,62.1,150,Yes
316,21,13,59.5,150,Yes
316,22,14,44.9,150,Yes
316,23,20,62.1,150,Yes
316,24,18,62.4,150,Yes
316,25,28,22.6,150,Yes
316,26,27,71.3,150,Yes
316,27,30,46.7,150,Yes
316,28,25,22.6,150,Yes
316,29,30,79.2,150,Yes
316,30,27,46.7,150,Yes
316,31,11,96.8,150,Yes
317,0,1,205.8,150,No
317,1,6,169.4,150,No
317,2,18,313.6,150,No
317,3,5,170.8,150,No
317,4,3,233.0,150,No
317,5,3,170.8,150,No
317,6,1,169.4,150,No
317,7,4,301.5,150,No
317,8,27,199.8,150,No
317,9,12,54.0,150,Yes
317,10,15,157.7,150,No
317,11,32,96.0,150,Yes
317,12,9,54.0,150,Yes
317,13,23,44.6,150,Yes
317,14,29,37.2,150,Yes
317,15,10,157.7,150,No
317,16,24,63.6,150,Yes
317,17,14,59.5,150,Yes
317,18,10,193.2,150,No
317,19,11,111.8,150,Yes
317,20,12,60.1,150,Yes
317,21,22,60.0,150,Yes
317,22,21,60.0,150,Yes
317,23,13,44.6,150,Yes
317,24,16,63.6,150,Yes
317,25,31,13.2,150,Yes
317,26,28,70.4,150,Yes
317,27,30,77.3,150,Yes
317,28,30,47.4,150,Yes
317,29,31,10.8,150,Yes
317,30,28,47.4,150,Yes
317,31,29,10.8,150,Yes
317,32,11,96.0,150,Yes
318,0,2,209.7,150,No
318,1,17,317.2,150,No
318,2,6,164.4,150,No
318,3,4,229.0,150,No
318,4,7,175.0,150,No
318,5,9,53.0,150,Yes
318,6,2,164.4,150,No
318,7,4,175.0,150,No
318,8,28,197.2,150,No
318,9,5,53.0,150,Yes
318,10,13,159.1,150,No
318,11,30,96.2,150,Yes
318,12,3,302.6,150,No
318,13,10,159.1,150,No
318,14,29,33.1,150,Yes
318,15,23,42.0,150,Yes
318,16,14,59.1,150,Yes
318,17,10,193.2,150,No
318,18,27,59.2,150,Yes
318,19,11,115.2,150,Yes
318,20,22,65.0,150,Yes
318,21,9,65.2,150,Yes
318,22,20,65.0,150,Yes
318,23,15,42.0,150,Yes
318,24,32,15.1,150,Yes
318,25,31,47.0,150,Yes
318,26,25,75.6,150,Yes
318,27,18,59.2,150,Yes
318,28,31,76.3,150,Yes
318,29,32,11.2,150,Yes
318,30,11,96.2,150,Yes
318,31,25,47.0,150,Yes
318,32,29,11.2,150,Yes
319,0,2,214.2,150,No
319,1,5,233.9,150,No
319,2,3,155.8,150,No
319,3,2,155.8,150,No
319,4,21,322.2,150,No
319,5,12,176.0,150,No
319,6,9,58.0,150,Yes
319,7,23,197.7,150,No
319,8,31,96.0,150,Yes
319,9,6,58.0,150,Yes
319,10,20,36.5,150,Yes
319,11,1,302.2,150,No
319,12,5,176.0,150,No
319,13,15,159.1,150,No
319,14,29,33.3,150,Yes
319,15,13,159.1,150,No
319,16,8,113.0,150,Yes
319,17,14,58.1,150,Yes
319,18,19,64.0,150,Yes
319,19,18,64.0,150,Yes
319,20,10,36.5,150,Yes
319,21,15,191.4,150,No
319,22,9,68.9,150,Yes
319,23,28,70.1,150,Yes
319,24,32,13.2,150,Yes
319,25,27,62.2,150,Yes
319,26,30,74.3,150,Yes
319,27,25,62.2,150,Yes
319,28,30,53.9,150,Yes
319,29,32,14.1,150,Yes
319,30,28,53.9,150,Yes
319,31,33,65.0,150,Yes
319,32,24,13.2,150,Yes
319,33,31,65.0,150,Yes
320,0,1,215.8,150,No
320,1,3,151.0,150,No
320,2,6,233.9,150,No
320,3,1,151.0,150,No
320,4,22,324.4,150,No
320,5,9,59.0,150,Yes
320,6,14,179.3,150,No
320,7,18,36.5,150,Yes
320,8,23,198.2,150,No
320,9,5,59.0,150,Yes
320,10,31,96.7,150,Yes
320,11,2,301.0,150,No
320,12,28,39.4,150,Yes
320,13,15,159.8,150,No
320,14,6,179.3,150,No
320,15,13,159.8,150,No
320,16,12,58.1,150,Yes
320,17,20,63.0,150,Yes
320,18,7,36.5,150,Yes
320,19,10,114.5,150,Yes
320,20,17,63.0,150,Yes
320,21,9,72.0,150,Yes
320,22,13,189.8,150,No
320,23,29,68.2,150,Yes
320,24,27,60.1,150,Yes
320,25,28,20.9,150,Yes
320,26,29,54.8,150,Yes
320,27,24,60.1,150,Yes
320,28,25,20.9,150,Yes
320,29,26,54.8,150,Yes
320,30,26,76.6,150,Yes
320,31,10,96.7,150,Yes
321,0,2,222.4,150,No
321,1,24,327.5,150,No
321,2,5,144.8,150,Yes
321,3,4,234.9,150,No
321,4,28,93.3,150,Yes
321,5,2,144.8,150,Yes
321,6,8,60.0,150,Yes
321,7,14,35.4,150,Yes
321,8,6,60.0,150,Yes
321,9,31,96.4,150,Yes
321,10,6,198.0,150,No
321,11,30,39.8,150,Yes
321,12,15,158.4,150,No
321,13,21,65.0,150,Yes
321,14,7,35.4,150,Yes
321,15,12,158.4,150,No
321,16,8,72.8,150,Yes
321,17,21,102.0,150,Yes
321,18,11,56.4,150,Yes
321,19,9,113.6,150,Yes
321,20,28,151.2,150,No
321,21,13,65.0,150,Yes
321,22,3,298.3,150,No
321,23,29,67.3,150,Yes
321,24,15,190.2,150,No
321,25,30,21.8,150,Yes
321,26,29,57.4,150,Yes
321,27,26,78.4,150,Yes
321,28,4,93.3,150,Yes
321,29,26,57.4,150,Yes
321,30,25,21.8,150,Yes
321,31,9,96.4,150,Yes
322,0,1,232.4,150,No
322,1,5,135.7,150,Yes
322,2,25,331.6,150,No
322,3,17,93.3,150,Yes
322,4,3,238.4,150,No
322,5,1,135.7,150,Yes
322,6,8,61.0,150,Yes
322,7,32,36.2,150,Yes
322,8,6,61.0,150,Yes
322,9,19,35.1,150,Yes
322,10,6,197.0,150,No
322,11,13,159.1,150,No
322,12,34,95.6,150,Yes
322,13,11,159.1,150,No
322,14,4,296.3,150,No
322,15,28,120.7,150,Yes
322,16,7,58.6,150,Yes
322,17,3,93.3,150,Yes
322,18,12,111.2,150,Yes
322,19,9,35.1,150,Yes
322,20,31,65.2,150,Yes
322,21,33,61.0,150,Yes
322,22,33,65.8,150,Yes
322,23,22,67.0,150,Yes
322,24,27,73.4,150,Yes
322,25,11,188.2,150,No
322,26,30,11.0,150,Yes
322,27,31,57.8,150,Yes
322,28,15,120.7,150,Yes
322,29,27,78.7,150,Yes
322,30,26,11.0,150,Yes
322,31,27,57.8,150,Yes
322,32,26,15.1,150,Yes
322,33,21,61.0,150,Yes
322,34,12,95.6,150,Yes
323,0,5,129.3,150,Yes
323,1,0,242.6,150,No
323,2,25,336.7,150,No
323,3,4,238.4,150,No
323,4,10,97.6,150,Yes
323,5,0,129.3,150,Yes
323,6,8,63.0,150,Yes
323,7,6,196.1,150,No
323,8,6,63.0,150,Yes
323,9,31,37.1,150,Yes
323,10,4,97.6,150,Yes
323,11,15,159.8,150,No
323,12,32,94.8,150,Yes
323,13,20,39.2,150,Yes
323,14,30,63.1,150,Yes
323,15,11,159.8,150,No
323,16,9,58.2,150,Yes
323,17,12,110.4,150,Yes
323,18,33,65.0,150,Yes
323,19,29,126.1,150,Yes
323,20,13,39.2,150,Yes
323,21,26,70.7,150,Yes
323,22,28,62.0,150,Yes
323,23,31,13.3,150,Yes
323,24,3,296.4,150,No
323,25,11,184.8,150,No
323,26,30,58.3,150,Yes
323,27,26,77.2,150,Yes
323,28,22,62.0,150,Yes
323,29,19,126.1,150,Yes
323,30,26,58.3,150,Yes
323,31,23,13.3,150,Yes
323,32,12,94.8,150,Yes
323,33,22,63.4,150,Yes
324,0,16,340.8,150,No
324,1,5,118.0,150,Yes
324,2,1,253.9,150,No
324,3,13,109.6,150,Yes
324,4,3,236.6,150,No
324,5,1,118.0,150,Yes
324,6,7,62.0,150,Yes
324,7,6,62.0,150,Yes
324,8,31,36.8,150,Yes
324,9,25,70.0,150,Yes
324,10,7,197.3,150,No
324,11,12,162.6,150,No
324,12,11,162.6,150,No
324,13,3,109.6,150,Yes
324,14,34,90.6,150,Yes
324,15,18,48.4,150,Yes
324,16,11,180.8,150,No
324,17,8,59.5,150,Yes
324,18,15,48.4,150,Yes
324,19,30,67.7,150,Yes
324,20,14,106.2,150,Yes
324,21,25,59.8,150,Yes
324,22,21,63.0,150,Yes
324,23,30,73.5,150,Yes
324,24,32,61.0,150,Yes
324,25,21,59.8,150,Yes
324,26,29,12.0,150,Yes
324,27,28,134.0,150,Yes
324,28,27,134.0,150,Yes
324,29,26,12.0,150,Yes
324,30,32,58.8,150,Yes
324,31,26,13.0,150,Yes
324,32,30,58.8,150,Yes
324,33,4,299.0,150,No
324,34,14,90.6,150,Yes
325,0,16,339.5,150,No
325,1,4,108.7,150,Yes
325,2,1,258.3,150,No
325,3,11,118.7,150,Yes
325,4,1,108.7,150,Yes
325,5,7,61.0,150,Yes
325,6,3,231.4,150,No
325,7,5,61.0,150,Yes
325,8,5,197.4,150,No
325,9,12,161.9,150,No
325,10,21,104.5,150,Yes
325,11,3,118.7,150,Yes
325,12,9,161.9,150,No
325,13,24,118.3,150,Yes
325,14,27,35.6,150,Yes
325,15,20,48.5,150,Yes
325,16,9,180.4,150,No
325,17,30,70.8,150,Yes
325,18,14,61.7,150,Yes
325,19,29,140.2,150,Yes
325,20,15,48.5,150,Yes
325,21,10,104.5,150,Yes
325,22,30,70.0,150,Yes
325,23,24,65.1,150,Yes
325,24,23,65.1,150,Yes
325,25,27,24.7,150,Yes
325,26,28,59.0,150,Yes
325,27,25,24.7,150,Yes
325,28,30,55.9,150,Yes
325,29,11,130.4,150,Yes
325,30,28,55.9,150,Yes
325,31,32,37.0,150,Yes
325,32,31,37.0,150,Yes
326,0,20,337.5,150,No
326,1,4,102.8,150,Yes
326,2,1,263.4,150,No
326,3,6,121.3,150,Yes
326,4,1,102.8,150,Yes
326,5,9,62.0,150,Yes
326,6,3,121.3,150,Yes
326,7,5,197.6,150,No
326,8,31,36.4,150,Yes
326,9,5,62.0,150,Yes
326,10,21,50.8,150,Yes
326,11,16,161.2,150,No
326,12,3,228.8,150,No
326,13,27,66.0,150,Yes
326,14,34,141.5,150,Yes
326,15,18,104.8,150,Yes
326,16,11,161.2,150,No
326,17,8,61.3,150,Yes
326,18,15,104.8,150,Yes
326,19,29,70.5,150,Yes
326,20,11,177.0,150,No
326,21,10,50.8,150,Yes
326,22,27,59.2,150,Yes
326,23,22,65.1,150,Yes
326,24,29,71.4,150,Yes
326,25,28,11.2,150,Yes
326,26,30,56.3,150,Yes
326,27,22,59.2,150,Yes
326,28,25,11.2,150,Yes
326,29,30,55.2,150,Yes
326,30,29,55.2,150,Yes
326,31,25,19.3,150,Yes
326,32,33,34.0,150,Yes
326,33,32,34.0,150,Yes
326,34,6,128.7,150,Yes
327,0,13,335.4,150,No
327,1,8,95.2,150,Yes
327,2,5,125.4,150,Yes
327,3,1,265.7,150,No
327,4,10,62.0,150,Yes
327,5,2,125.4,150,Yes
327,6,4,198.7,150,No
327,7,32,34.0,150,Yes
327,8,1,95.2,150,Yes
327,9,2,224.9,150,No
327,10,4,62.0,150,Yes
327,11,26,66.0,150,Yes
327,12,21,52.0,150,Yes
327,13,16,176.8,150,No
327,14,7,61.3,150,Yes
327,15,5,267.3,150,No
327,16,17,163.3,150,No
327,17,16,163.3,150,No
327,18,33,85.9,150,Yes
327,19,18,104.5,150,Yes
327,20,25,71.3,150,Yes
327,21,12,52.0,150,Yes
327,22,26,58.0,150,Yes
327,23,22,65.1,150,Yes
327,24,30,10.0,150,Yes
327,25,27,52.5,150,Yes
327,26,22,58.0,150,Yes
327,27,25,52.5,150,Yes
327,28,27,54.6,150,Yes
327,29,31,31.0,150,Yes
327,30,24,10.0,150,Yes
327,31,29,31.0,150,Yes
327,32,24,23.4,150,Yes
327,33,18,85.9,150,Yes
327,34,25,72.1,150,Yes
328,0,16,334.7,150,No
328,1,8,91.0,150,Yes
328,2,1,265.8,150,No
328,3,7,122.3,150,Yes
328,4,10,63.0,150,Yes
328,5,24,49.0,150,Yes
328,6,4,196.8,150,No
328,7,3,122.3,150,Yes
328,8,1,91.0,150,Yes
328,9,7,269.3,150,No
328,10,4,63.0,150,Yes
328,11,3,228.6,150,No
328,12,5,61.7,150,Yes
328,13,21,49.7,150,Yes
328,14,18,165.5,150,No
328,15,19,104.5,150,Yes
328,16,18,176.1,150,No
328,17,27,114.8,150,Yes
328,18,14,165.5,150,No
328,19,15,104.5,150,Yes
328,20,22,67.6,150,Yes
328,21,13,49.7,150,Yes
328,22,28,52.6,150,Yes
328,23,27,67.2,150,Yes
328,24,5,49.0,150,Yes
328,25,30,35.0,150,Yes
328,26,22,72.9,150,Yes
328,27,23,67.2,150,Yes
328,28,31,52.0,150,Yes
328,29,17,252.7,150,No
328,30,25,35.0,150,Yes
328,31,28,52.0,150,Yes
329,0,19,338.7,150,No
329,1,18,87.0,150,Yes
329,2,7,269.3,150,No
329,3,1,270.4,150,No
329,4,6,224.7,150,No
329,5,8,64.0,150,Yes
329,6,7,129.1,150,Yes
329,7,6,129.1,150,Yes
329,8,5,64.0,150,Yes
329,9,25,52.5,150,Yes
329,10,5,197.3,150,No
329,11,32,84.6,150,Yes
329,12,17,170.5,150,No
329,13,28,62.1,150,Yes
329,14,22,47.8,150,Yes
329,15,9,59.9,150,Yes
329,16,11,105.4,150,Yes
329,17,12,170.5,150,No
329,18,1,87.0,150,Yes
329,19,17,173.4,150,No
329,20,21,63.1,150,Yes
329,21,20,63.1,150,Yes
329,22,14,47.8,150,Yes
329,23,26,67.0,150,Yes
329,24,21,74.7,150,Yes
329,25,29,10.4,150,Yes
329,26,28,54.6,150,Yes
329,27,13,263.9,150,No
329,28,26,54.6,150,Yes
329,29,25,10.4,150,Yes
329,30,4,292.4,150,No
329,31,21,101.5,150,Yes
329,32,11,84.6,150,Yes
330,0,13,85.1,150,Yes
330,1,19,345.4,150,No
330,2,0,273.4,150,No
330,3,10,130.1,150,Yes
330,4,7,64.1,150,Yes
330,5,3,222.7,150,No
330,6,10,268.3,150,No
330,7,4,64.1,150,Yes
330,8,4,197.9,150,No
330,9,22,46.8,150,Yes
330,10,3,130.1,150,Yes
330,11,14,105.3,150,Yes
330,12,25,58.5,150,Yes
330,13,0,85.1,150,Yes
330,14,11,105.3,150,Yes
330,15,19,169.0,150,No
330,16,12,60.8,150,Yes
330,17,15,171.3,150,No
330,18,28,71.3,150,Yes
330,19,15,169.0,150,No
330,20,21,58.5,150,Yes
330,21,20,58.5,150,Yes
330,22,9,46.8,150,Yes
330,23,24,73.0,150,Yes
330,24,28,47.2,150,Yes
330,25,12,58.5,150,Yes
330,26,5,293.6,150,No
330,27,18,268.5,150,No
330,28,24,47.2,150,Yes
330,29,20,73.9,150,Yes
331,0,12,348.7,150,No
331,1,14,79.2,150,Yes
331,2,1,274.9,150,No
331,3,6,227.2,150,No
331,4,8,63.1,150,Yes
331,5,17,267.2,150,No
331,6,17,124.6,150,Yes
331,7,18,169.2,150,No
331,8,4,63.1,150,Yes
331,9,4,200.4,150,No
331,10,23,55.1,150,Yes
331,11,30,84.8,150,Yes
331,12,18,167.2,150,No
331,13,11,106.2,150,Yes
331,14,1,79.2,150,Yes
331,15,21,45.1,150,Yes
331,16,10,60.0,150,Yes
331,17,6,124.6,150,Yes
331,18,12,167.2,150,No
331,19,20,54.6,150,Yes
331,20,19,54.6,150,Yes
331,21,15,45.1,150,Yes
331,22,24,102.8,150,Yes
331,23,10,55.1,150,Yes
331,24,26,76.0,150,Yes
331,25,22,262.7,150,No
331,26,24,76.0,150,Yes
331,27,3,294.2,150,No
331,28,29,38.3,150,Yes
331,29,28,38.3,150,Yes
331,30,11,84.8,150,Yes
332,0,13,77.5,150,Yes
332,1,19,353.2,150,No
332,2,0,277.1,150,No
332,3,16,266.2,150,No
332,4,7,62.0,150,Yes
332,5,31,200.8,150,No
332,6,8,224.9,150,No
332,7,4,62.0,150,Yes
332,8,16,131.4,150,Yes
332,9,23,55.1,150,Yes
332,10,18,173.7,150,No
332,11,32,84.8,150,Yes
332,12,20,43.9,150,Yes
332,13,0,77.5,150,Yes
332,14,11,105.2,150,Yes
332,15,9,60.4,150,Yes
332,16,8,131.4,150,Yes
332,17,21,54.3,150,Yes
332,18,19,166.0,150,No
332,19,18,166.0,150,No
332,20,12,43.9,150,Yes
332,21,17,54.3,150,Yes
332,22,30,26.1,150,Yes
332,23,9,55.1,150,Yes
332,24,26,74.0,150,Yes
332,25,30,257.2,150,No
332,26,24,74.0,150,Yes
332,27,28,36.9,150,Yes
332,28,27,36.9,150,Yes
332,29,6,297.8,150,No
332,30,22,26.1,150,Yes
332,31,5,200.8,150,No
332,32,11,84.8,150,Yes
333,0,6,76.1,150,Yes
333,1,15,358.3,150,No
333,2,22,267.2,150,No
333,3,0,280.3,150,No
333,4,9,228.5,150,No
333,5,7,61.0,150,Yes
333,6,0,76.1,150,Yes
333,7,5,61.0,150,Yes
333,8,30,196.6,150,No
333,9,22,129.3,150,Yes
333,10,31,83.0,150,Yes
333,11,25,57.7,150,Yes
333,12,19,39.6,150,Yes
333,13,18,177.1,150,No
333,14,10,105.0,150,Yes
333,15,18,166.3,150,No
333,16,20,52.8,150,Yes
333,17,11,59.5,150,Yes
333,18,15,166.3,150,No
333,19,12,39.6,150,Yes
333,20,16,52.8,150,Yes
333,21,26,253.0,150,No
333,22,9,129.3,150,Yes
333,23,26,24.0,150,Yes
333,24,27,71.1,150,Yes
333,25,11,57.7,150,Yes
333,26,23,24.0,150,Yes
333,27,24,71.1,150,Yes
333,28,29,35.9,150,Yes
333,29,28,35.9,150,Yes
333,30,8,196.6,150,No
333,31,10,83.0,150,Yes
334,0,2,296.4,150,No
334,1,27,252.1,150,No
334,2,7,77.9,150,Yes
334,3,15,361.9,150,No
334,4,8,59.2,150,Yes
334,5,30,136.3,150,Yes
334,6,5,228.3,150,No
334,7,2,77.9,150,Yes
334,8,4,59.2,150,Yes
334,9,23,55.5,150,Yes
334,10,16,105.0,150,Yes
334,11,29,194.3,150,No
334,12,18,176.6,150,No
334,13,9,61.3,150,Yes
334,14,19,39.6,150,Yes
334,15,18,162.6,150,No
334,16,10,105.0,150,Yes
334,17,22,50.5,150,Yes
334,18,15,162.6,150,No
334,19,14,39.6,150,Yes
334,20,21,241.9,150,No
334,21,28,30.0,150,Yes
334,22,17,50.5,150,Yes
334,23,9,55.5,150,Yes
334,24,6,302.3,150,No
334,25,26,68.1,150,Yes
334,26,25,68.1,150,Yes
334,27,30,44.7,150,Yes
334,28,21,30.0,150,Yes
334,29,11,194.3,150,No
334,30,27,44.7,150,Yes
335,0,6,82.4,150,Yes
335,1,14,364.9,150,No
335,2,12,303.7,150,No
335,3,13,268.3,150,No
335,4,8,59.1,150,Yes
335,5,7,229.7,150,No
335,6,0,82.4,150,Yes
335,7,13,142.8,150,Yes
335,8,4,59.1,150,Yes
335,9,24,55.5,150,Yes
335,10,16,177.3,150,No
335,11,16,162.0,150,No
335,12,27,193.3,150,No
335,13,7,142.8,150,Yes
335,14,9,61.3,150,Yes
335,15,22,39.5,150,Yes
335,16,11,162.0,150,No
335,17,18,106.1,150,Yes
335,18,17,106.1,150,Yes
335,19,20,241.8,150,No
335,20,26,103.9,150,Yes
335,21,23,49.4,150,Yes
335,22,15,39.5,150,Yes
335,23,21,49.4,150,Yes
335,24,9,55.5,150,Yes
335,25,5,305.9,150,No
335,26,28,67.1,150,Yes
335,27,12,193.3,150,No
335,28,26,67.1,150,Yes
336,0,15,366.3,150,No
336,1,6,85.9,150,Yes
336,2,8,268.3,150,No
336,3,10,298.7,150,No
336,4,7,234.4,150,No
336,5,9,58.1,150,Yes
336,6,1,85.9,150,Yes
336,7,8,142.7,150,Yes
336,8,7,142.7,150,Yes
336,9,5,58.1,150,Yes
336,10,5,208.1,150,No
336,11,27,31.1,150,Yes
336,12,22,159.9,150,No
336,13,20,40.6,150,Yes
336,14,22,177.5,150,No
336,15,11,61.3,150,Yes
336,16,17,106.4,150,Yes
336,17,16,106.4,150,Yes
336,18,26,105.6,150,Yes
336,19,18,241.6,150,No
336,20,13,40.6,150,Yes
336,21,24,48.3,150,Yes
336,22,12,159.9,150,No
336,23,26,67.0,150,Yes
336,24,21,48.3,150,Yes
336,25,27,26.3,150,Yes
336,26,23,67.0,150,Yes
336,27,25,26.3,150,Yes
337,0,14,367.1,150,No
337,1,9,263.2,150,No
337,2,7,87.7,150,Yes
337,3,6,235.2,150,No
337,4,11,292.7,150,No
337,5,8,57.0,150,Yes
337,6,9,145.2,150,Yes
337,7,2,87.7,150,Yes
337,8,5,57.0,150,Yes
337,9,6,145.2,150,Yes
337,10,21,160.3,150,No
337,11,29,192.6,150,No
337,12,21,178.2,150,No
337,13,25,32.2,150,Yes
337,14,13,61.7,150,Yes
337,15,20,40.6,150,Yes
337,16,18,105.8,150,Yes
337,17,28,103.8,150,Yes
337,18,16,105.8,150,Yes
337,19,17,222.6,150,No
337,20,15,40.6,150,Yes
337,21,10,160.3,150,No
337,22,24,47.2,150,Yes
337,23,28,67.1,150,Yes
337,24,22,47.2,150,Yes
337,25,26,29.6,150,Yes
337,26,25,29.6,150,Yes
337,27,24,82.2,150,Yes
337,28,23,67.1,150,Yes
337,29,11,192.6,150,No
338,0,12,365.0,150,No
338,1,13,260.3,150,No
338,2,5,234.7,150,No
338,3,7,94.8,150,Yes
338,4,9,290.7,150,No
338,5,13,146.5,150,Yes
338,6,8,57.0,150,Yes
338,7,3,94.8,150,Yes
338,8,6,57.0,150,Yes
338,9,6,209.9,150,No
338,10,23,176.8,150,No
338,11,25,30.8,150,Yes
338,12,11,62.2,150,Yes
338,13,5,146.5,150,Yes
338,14,22,44.7,150,Yes
338,15,23,162.9,150,No
338,16,19,107.1,150,Yes
338,17,18,224.8,150,No
338,18,24,146.9,150,Yes
338,19,16,107.1,150,Yes
338,20,21,46.1,150,Yes
338,21,20,46.1,150,Yes
338,22,14,44.7,150,Yes
338,23,15,162.9,150,No
338,24,22,94.6,150,Yes
338,25,26,30.6,150,Yes
338,26,25,30.6,150,Yes
339,0,25,260.6,150,No
339,1,8,232.8,150,No
339,2,10,110.6,150,Yes
339,3,9,288.7,150,No
339,4,15,361.7,150,No
339,5,7,55.1,150,Yes
339,6,24,226.0,150,No
339,7,5,55.1,150,Yes
339,8,25,146.5,150,Yes
339,9,23,190.7,150,No
339,10,2,110.6,150,Yes
339,11,14,61.3,150,Yes
339,12,18,106.9,150,Yes
339,13,16,173.8,150,No
339,14,28,31.6,150,Yes
339,15,16,161.9,150,No
339,16,15,161.9,150,No
339,17,21,47.8,150,Yes
339,18,12,106.9,150,Yes
339,19,20,43.0,150,Yes
339,20,19,43.0,150,Yes
339,21,17,47.8,150,Yes
339,22,29,68.0,150,Yes
339,23,9,190.7,150,No
339,24,29,98.4,150,Yes
339,25,8,146.5,150,Yes
339,26,27,13.0,150,Yes
339,27,26,13.0,150,Yes
339,28,27,17.7,150,Yes
339,29,22,68.0,150,Yes
340,0,13,256.3,150,No
340,1,7,234.0,150,No
340,2,16,114.1,150,Yes
340,3,9,289.7,150,No
340,4,14,358.2,150,No
340,5,27,229.0,150,No
340,6,8,55.1,150,Yes
340,7,13,150.8,150,No
340,8,6,55.1,150,Yes
340,9,22,190.5,150,No
340,10,11,62.2,150,Yes
340,11,28,30.8,150,Yes
340,12,19,174.9,150,No
340,13,7,150.8,150,No
340,14,19,168.3,150,No
340,15,20,108.1,150,Yes
340,16,2,114.1,150,Yes
340,17,21,50.6,150,Yes
340,18,23,41.3,150,Yes
340,19,14,168.3,150,No
340,20,15,108.1,150,Yes
340,21,17,50.6,150,Yes
340,22,9,190.5,150,No
340,23,18,41.3,150,Yes
340,24,21,95.7,150,Yes
340,25,26,13.0,150,Yes
340,26,25,13.0,150,Yes
340,27,24,136.7,150,Yes
340,28,26,18.7,150,Yes
341,0,9,253.2,150,No
341,1,8,288.8,150,No
341,2,7,116.7,150,Yes
341,3,10,232.1,150,No
341,4,18,358.0,150,No
341,5,27,229.1,150,No
341,6,12,54.2,150,Yes
341,7,2,116.7,150,Yes
341,8,23,190.4,150,No
341,9,10,154.2,150,No
341,10,9,154.2,150,No
341,11,13,62.2,150,Yes
341,12,6,54.2,150,Yes
341,13,25,53.9,150,Yes
341,14,17,175.7,150,No
341,15,21,51.2,150,Yes
341,16,19,107.3,150,Yes
341,17,18,167.6,150,No
341,18,17,167.6,150,No
341,19,16,107.3,150,Yes
341,20,22,43.2,150,Yes
341,21,15,51.2,150,Yes
341,22,20,43.2,150,Yes
341,23,8,190.4,150,No
341,24,26,67.0,150,Yes
341,25,13,53.9,150,Yes
341,26,24,67.0,150,Yes
341,27,26,92.7,150,Yes
